sorkorrrr, yea especially taking therapy years overcome effects imposed
SchuckChad, carbon tax working us brutal call election already lets end suicide
gemmakytten, police saw injuryno evidence abuse testified found  wasnt even day called abuse incident happened  funny never cited domestic abuse divorce irreconcilable differences  cite domestic abuse divorce irreconcilable differences refused give
metoowhatnow, im christian survivor childhood sexual abuse appreciate article im thankful pastor  agree im breaking stigma much whenever whomever  survivor csa diagnosed 40 years later bipolar depression severe anxiety disorder  glad found great resource ptsd cptsd sufferers  25 yrs ago began journey recovery trauma csa thought ok didnt know  keep great work youre inspiration many us also suffer depression oth  account form therapy look instagram  im sorry loss thank sharing truth shedding light depression look  love think important get support help therapy wherever ca  im single apparently intense cptsd adhd anxiety mixed depression  2nd annual national event prevent childhood sexual abuse  added video playlist ed squires story survival sexual abuse presented speak  spoke survivor childhood sexual abuse 2016 regrets freedom strength
SEOKJIN087, lmao bts popular korean artists  honey ive heard bts several times radio ive walked walmart radio station  lmao literally one biggest boy bands america bts theyre korean theyve  people abuse women homophobic disgust  im walmart playing bts  bts best intro mma omg  vote bts exo
daphneleeml, kind harassment abuse complaints often brushe  muting unfollowing poss solutions avoid upsetting envious normal dont beat abt feeling depressed
AU4Humanity, domesticviolence violence abuse awareness au4humanity au4h sexualabuse  many sorry anxiety sorrynotsorry  another civillawsuit filed response attorneygenerals grandjury report priest abuse acro  real stories real people survival sexualabuse awareness rape abuse violence domesticviolence  church sex abuse child sexabuse scandal romancatholicchurch apparently headed another round  domesticviolence violence abuse awareness survivor au4h patrickdati truth justice hero au4humanity  anger side anxiety makes sadanger anxiety sad mentalhealth
AgentZakura, psychology part fascinating seen movie also curious
peachhpittt, jokes depression aside im really enjoying single
IAmLanaPearce, try conversion therapy im like
shiba_roll, commissions chibicember may delay ive hit major depression found uncle passed th
maggielindemanv, stan bts blackpink kings queens kpop  bts coming
CaileanLove, dogs geniuses play us like violins experts field human psychology look
dBabs19, use cbd via vape works well anxiety depression get specific vendors  detroits number source anxiety morning
LadyWrites, kanye west tells trump misdiagnosed bipolar disorder claims hes sleepdeprived per bu
magneticstarks, lets support abuse 2k19  kylo ren gets redeemed general hux actual child abuse victim isnt im goin  abuse shouldnt excused besides reys arc revolve around redeeming someone
sabwtf, cant stress enough blessed friends moment life maybe social  ok things looking depression
mallory_mae1733, thing college done create anxiety debt
picklemedic22, robots immune ignore done along continuing abuse destroying
joshkpoetry, think everyone would benefit round cognitivebehavioral therapy want give cheat code  friendly reminder difference clinical depression bummed diminish
Plourde_CJ, think would help reduce sexual addiction many world help save lives women keep pre  israel serious abuse thai migrant workers
RichertEmily, year diagnosed ulcer inflammation stomach due high level stress th  age witnessed father attempt kill dog abuse 2nd brother born fath
girlnamedanne, remember said hopeful sbc sex abuse study group imb apology promise open  also took subpoena cooperate law enforcement particular childhood sex abuse case  please either clarify fix misstatement sexual abuse trauma work science  lets talk trauma mondays thought every monday could talk little trauma science today 3rd ketamine  soft launch healing together lets start getting sexual abuse recovery resources peoples  thank wept adas office week lost 22 years since abuse simply said  best way help survivors churches get trauma experts help survivors churches let past  decided use patreon get resources healing together guide helping sexual abuse survivors  agree concerns strongly disagree statement rape sexual violence trauma work  looking forward meeting talking help survivors sexual abuse th  life changing moment washed facei realized love received actually abuse  one way askhow release book help helping sexual abuse survivors  thinking options releasing sexual abuse guide preorder amp get chapter chapter  thinking options releasing sexual abuse guide preorder amp get chapter chapter  icymi criminal update sexual abuse case tarrant county sbcimb former employee sbc  bullcrap mere months older abuse  tried go live twitter 38 successful updates regarding sex abuse case  update sbc amp markaderholt criminal sexual abuse case grand jury info sbc  cnsbrain aampp midterm tomorrow election stress eating weight dark chocolate covered  way evangelical church panels summits sexual abuse changes absolutely nothing repetition
FluffyEmmaPie, men would never face physical abuse simply man fa
Timon41575417, half high one line would get definitely enough cause addiction
mandybulaz, whats afghans child abuse cultural problem see real
judzlanimac, spoke life amp abuse growing upif watched sh
FickleLuke, abusethat abuse modern day nhl refs joke  hope wont liereading names brought back ptsd enjoy vegas
Lark_Nest, depression doodle
IvanDOesnot, due abuse experienced hands priest child flashbacks feelbacks wheneve  im making explicit implicit statement straight man abuse boys becaus  lets reverse statement get implicit meaning gay man abuse boys  given talking sexual abuse children seminarians anyone pretty horrifying respon  abused girls werent option came abuse girls werent serve  people showed concern survivors abuse priests show oreos jk nk  silence cover ups wouldnt necessary abuse children  good interview however ignored still abuse abused bishop  went three four years without therapy recently started catholic therapist  thus abuse scandal must sacrificed  parents forced pay therapy meds food able enjoy retireme  foundations trying improve odds survivors abuse priests
RabiyahParker, conclusion suffer depression anxiety mean cannot happy  year thought crippling depression anxiety tact know things  ive silent anxiety depression longest time ever moment feel want die  know someone suffers depression literally verge suicide isnt allowed speak
beckiepdx, family needs much therapy real
Capeters321, really think need come 8lbs treats emotional therapy hugs adorable  take care understand well things raise anxiety
xXYungHentaiXx, flashbacks giving ptsd  hanging purely platonic female friend good experience like wow dont anxiety becaus  saying like happen bts concert somehow managed get shot
Khadre_tinmilk, stress mi miss mi fren dem nuh andastan get wi joke dem
Juliet60098951, wont answer shush funds used cover sexual abuse wel
lopez_c34, im 20 im obese im trying better depression health everyday battle smile  disturb hide alerts anxiety
DiscountManji, imagine telling abuse victim abused parents years kill imagi  ive seen enough supposed abuse victims know comes dad woul
paultinay, yes protected physical verbal abuse long doesnt include ban
TheTalkingBoxes, talk strangers check awesomesuperdiary asd autismblog mentalhealth autism
TNF_13, conversion therapy wor  want sexually abuse children  rich coming someone thinks sex abuse  prevent abuse wrote website ye  yes pedophile wants protect children sexual abuse othe  child sexual abuse literally touching kids pedophil  abuse kids attraction kids clearly know much  prove show credentials therapy psychology  jesus used effing shock therapy sex  attraction addiction failed come valid  following people desire abuse children  apparently preventing sexual abuse error ways ridiculous  preventing sexual abuse disgusting oh would love hear logic one
imanireo, got kinda sad self diagnosed depression  love sophomores promote people film suicide victims
aesthentences, poem poetry old friendships love karma addiction staying clean pseudoromantic loops futurelyrics  burden anxiety regret honesty spoken finally might worth days lived silence
marisabcrane, havent posted one bc wip like abuse abuse abuse
Lukadowdric, dont get fans team wins go celebrate fans abuse rival fans onl  sundays quite boring rte needs get glenroe back cure depression rte  survivored abuse today time tomorrow  guys anti spurs spurs deserve great credit abuse thfc
M65553104, im sorry youre going imagine abuse victims survivor  wow thats sad ppl empathy others trauma  wow read felt like true overcoming abuse hard build gets eas
Russian_Bot99, sprawling connecticut case reveals shame trauma male sex trafficking victims  new netflix show normalizes child sexual abuse sex trafficking minors says watchdog group life  police storm catholic headquarters top official charged sexual abuse crimes citizen truth
MsCGraves, difficult explain much means always anxiety past 34 years  constants feed pointless discourse bts shera  adhd group someone shares meme random woman adhd overdiagnosed keep diagnosing hyper childr
birdy_top, ok ive really depressed week best friend drove beach yesterday stayed hotel
AccessibleDan, knowing ptsd honestly really brings everything focus ive always sort isolated  today drastically improved went pure anxiety happy everyday continue learn improving accessi  sorry hear something deal reliving trauma never good thing  know getting old open world games stress linear path always makes happy  trauma occuring life young age family cared probably saved life multiple times
tiffany_annx3, fucking hateeeeee youuuuuuuuuu wanna lurk shit abuse itwell go tweet  espressos vs may addiction okay whaticallabeautifullife least alway
AliWonderHell, still using benzos ptsd always sparingly carefully med pro unde  oh monster totally trying repeat older childpeg bipolar diag  nothing scream missed female autistic diagnosis like gad adhd disruptive mood dysregulation disorder actuallyautistic cryout dv  money qualms lying takes create playground legal abuse becomes  one place home court advantage ptsd stable  disclosing sexual abuse quickest way lose custody abuser ex drugged 10 year old
LBDXYZ, dad committed suicide 82 15 yr old son found hed shot  yep twitter addiction looked kindle library books expired wo reading
AuthorConfusion, woman experienced abuse christians atheists well acquainted youre bein
familiarlou, cannot go another year stress want album
SamYoung841, teacher 15000ayear north london school facing jail abuse evening standard
ITALJUVE1897, 433 pjanic midfield suicide pjanic play man midfield otherwise la
ASoftBeagle, want bts bring little extra money
NKABO, ptsd cry ptsdchat ptsd  owe future generations heal ptsd vegangains happiness endstigma letstalk  make happen vote purelove endthestigma  demand peace peace endwar vegan suicideprevention  hardest part forgive family called suicide accident denying past  thank thank lost brother cousin stepsister suicide telling stories helped  lost family members suicide decided wanted make difference aggressive society go vegan fo  going vegan best thing ever suffering depression ptsd feel  lost brother cousin stepsister suicide violent departures unsolved pain  shows actions cause suicide going vegan stop violence humans  society needs recognize circumstances cause suicide lost brother cousin stepsister  keep telling story lost brother cousin stepsister suicide wer  lost brother cousin stepsister suicide sexually abused need acknowledge  lost brother cousin stepsister suicide sexually abused veterans  lost brother cousin stepsister suicide sexually abused need talk  thank lost brother cousin stepsister suicide sexually abused pa  lost brother cousin suicide 12 stepsister years ago sexually abused  sorry lost brother cousin suicide 12  sad lost family members suicide society cares status keeping face  grateful show thank netflix 13 reasons lost family members suicide  lost family members suicide sexual assaults done suicide caused harm others metoo  watches bachelorette numb pain brother cousin committed suicide suicideprevention  tell ptsd story lines ptsd depression mentalhealthmatters letitgo imhere releaseit letstalk mentalillness  heal wear abusers heart top love thy enemy mentalhealthmatters ptsd  mental anguish caused forced crap come ptsd insomnia depression mentalhealthmatters mentalillness  telling stories behind closed doors dangerous ptsd depression healall happiness  vet thought could live without medication tears dropping ptsd ate parts brain gwstorieseverywhere  dont let depression win something different today clean clutter depression mentalhealthmatters mentalhealthawareness  calming light bar tempted went straight aa alcohol addiction alcoholism aa staystrong  desensitized society talk suicide laughing mocking lost
EncoreTerrence, dear thosepeople baby cold outside rape song abuse song one song harmed
shane41975, espn honor sexual abuse victims spoke nassar years espy awards espn announced wedne
vol80, dad gave bike trash years abuse left rain
AngieJayHuman, evangelicalintoenglish therapy childhood sexual abusebeing told demon entered abus  welltrained though careful sinful response abuse unfortunately  tried handle abuse godliest way careful gossip passed horrid details au  went youth pastor report abuse told focus sin sin others con  evangelicalintoenglish reconciliationabusers getting away atrocities victims shamed trauma  abuse happened southern baptist ministry  thank many years struggle almost lost life battling ptsd  im sorry heart breaks pain trauma childhood changes everything ho  emdr therapy making real difference life perfect
igexiof, hormone levels likely influence womans risk alzheimers exactly hormone levels likely influence  mckayla maroney questions gymnastics worth first speech since nassar abuse case mckayla maroney says
IonaFarrell, todays dads memorial years passed alzheimers miss dad life changed within schtum dad gonetoosoon  work hospital patients really bad sometimes biting hitting verbal abuse wha
Salina_Harri, deleted tweet good thing screenshots forever defend child sex abuse get exposed  survivor pastor used position abuse amp others deacons members church amp teachers  abuse affected spiritually physically amp emotionallythe last year possible wor  correction national suicide prevention hotline 1800273talk 8255  dothan youth pastor facing sex abuse charges go trial january 14 grand jury indicted william wesle  missionary church cedric mccormick multiple past allegations physical amp sexual abuse  missionary church cedric mccormick multiple past allegations physical amp sexual abuse  open door baptist church mesquite four members accused sexual abuse 50year history  ten myths child abuse
mysterygirl19, suffer chronic painthis brain therapy treatment could improve chronic pain
IResisters, nothing proud rearing man abuse harass women faking empathy indeed wok  child abuse
LoriAnneThomps2, right see norm actually response trauma ever heard term sure lived  summative statement wraps whole life two tight tidy sentences metoo churchtoo trauma  clerical malfeasance involving sex money spiritual abuse singular defining reason longer ident  eyeball deep academic work child abuse neglect right break lunch watched deconstruc  sometimes happens hit hard cold clear blue last night trauma trigger dreamt  husband find time tears trauma informed care  dearabusesurivivor waking abuse may think never make  sure article roland summit childhood sexual abuse accomidation syndrome
CarBombBoom13, perspective dui introduced nhl substance abuse program saved life may always  sorry danny knowing bad guys didnt know extent abuse  hope well abuse mentalhealth  record robert gherson never participated abuse noticed one names ment  shared thread continued cycle abuse came back hometown high schoo  dave pszenyczny remember name youre hero brother thank speaking experience abuse  ryan munce remember name speaking honestly struggles abuse amp damaging trauma  charles amodeo remember name speaking vulnerably abuse weakness sign immense stren  withheld info risks concussions amp repetitive head trauma failed  thank former teammates strong enough come forward stories abuse appreciate  perfect abuse abuse amp term hazing shouldnt used longer amp david br  condescending remark abuse really fucked  stones would unblock discredit stories abuse behind block button  music helps deal emotional trauma tools use abuseofpower mentalhealth sicknotweak  doubt ptsd appreciate support
QeyeTDogbytes, manipulator makes choice manipulate abuse victim manipulatio
aspals, mark carneys prophecies doom markets buoyant bank englands stress tests forecast british ec  fooled remainers interesting article psychology behind second vote tactics  degenerate society politically correct authorities treat victims child abuse grooming rapists
sharon_webbie, law protects ppl allowing abuse go far  able identify talk address trauma childhood huge going stage
quatoria, suburbs breeding grounds monstrosity alienation horror abuse yeah burn dow
tattedfurmama, well know mine separation anxiety home alone hours  maybe stop drinking pop amp coffee eating much junk food drink water amp release unnecessary stress li
ikondave, talk suicide taken seriously family suicide almost like rite passag  everyone knows jesus huge fan child abuse didnt say something making children suffer
Trumpsgirl2020, shingles sign abuse ca
MiaJFletcher, children subjected horrific abuse harder timed raising vibrations
SpreadJessy, lets drag em publicly cause lives difficult need scapegoat unload stress onto  quirky social anxiety look
Paigedahls, statement poor nutrition chronic stress real one would like map  still girl wont ever go see live think people like deal lot anxiety
IawrencIy, wanna sleep time love depression love
mami_stackkz, thought gonna sit around let abuse hit every time
jkhgovols, year old capable picking different gender one birth child abuse
drdebodun, ehnffk might exhibiting symptoms reflective underlying bipolar affective disorder aggravated  guy fighting harrrrd hope wont go terminal depression post 2019 election im lighting
RoadToThrone, learn relax especially sick alot health related anxiety think  amber accused johnny depp abuse 2016 later admitting court abused  weird people believe tasya even though abuse witnessed never told anyo  amber speak abuse tell world abused ex 2009 admitted abusing  anxiety illusion ha wish  defend innocent men someone already domestic abuse reco  went doctor couple months ago told alot anxiety social anxiety worst  yeah anxiety going doctor part social anxiety hate ugh  victim abuse actually defending abuser odd plus tasya claim  god anxiety controls life hate much people dont understand
CDarieal, im back therapy first time ten years every thursday feeling suicidal yesterday  im able pay todays therapy tomorrow im going owe 80 instead 10 cant afford  things wit depression befeel impossible usually start small section first like  looking make 10 copay therapy tomorrow rts appreciated well  shit speaking therapy copay 10 anyone couple bucks spare venmo cdarieal  im grateful therapy tomorrow need talk families supportworshipdenial abusive bro  get fired tried asking time take care mental health anxiety depression
Stop_Stigma, mom bipolar  therapist went thru therapy think would rather someone really gets rather  last session told well enough stop talk therapy wasnt ready  therapy talk im reading couple books ptsd  weighing good meds bad tough comes suicide opinion stop suicides ne  book much therapy session justification lol  dont know could help anyone eating chocolate calm drug addiction cravings addictions  truth eating bunch chocolate makes depressed within day withdrawal time lack sleep makes hallucinations  officially crying everything day least suicidal day bipolar  fault bought therapy workbooks sleep last night lol  whole notebook suicide notes basement couch ex coming home mean  im antimed would committed suicide long ago wish knew 15  oh suicideprevention suicideawareness  find writing everything mind huge stress would like get regular habit  good hard get physical therapy  take antianxieg extreme anxiety like suicidal  every follow make sure realize suicidal stress working  youre bipolar def dont take antidepressants
dahhgumhum, going couple therapy shes
AliMustafa4143, constants life depression agression potty ka session
michelleX2plus, finished one therapy lunch another therapy tuesday looks like  mylife 60 hair therapy meds doctors via  physical therapy  mylife 59 physical occupational therapy via  well way find sensible outfit first day physical therapy  monkey thanks 13 thankful thanksgiving therapist therapy  token monkey chiari chronicillness mentalillness depression
donmarie2018, wed cake stolen abuse victim lone  million dollar love unprotected helped us dinner got abuse fraud
S_Harudzibwi, hanzi totadza neyi kutora ivo vachi driver zvema suicide yet actions even suicidal
LetsTalkTrauma, simple sincere things say survivors trauma come tell  tips dealing ptsd holidays  confronting trauma hard via  confronting trauma hard via  confronting trauma hard via  added video playlist finding closure trauma possible  quit therapy  finding closure trauma possible  fellow mentalhealth youtubers follow  support partner experienced trauma  added video playlist suicide prevention day 2018 signs story  guess whats coming next trauma talk podcast official release coming soon  added video playlist partners trauma survivors easy ways support partner  dealing relationships intimacy trauma hardive nowhusband six years  struggling find motivation trauma midst depression  normal trauma changes us via  added video playlist normal trauma changes us  tip managing anxiety actually helped  power community trauma via  fight flight freeze three two reactions midst trauma  heard really simple definition trauma recovery dayhere  added video playlist trauma isnt valid tell thats wrong  six reasons tell trauma isnt valid wrong  anthony bourdain suicide via  added video playlist anthony bourdain suicide  changes coming trauma talk  faith mentalhealthawareness intersect wrong things said  find comparing one trauma another bad idea  coping vs processing trauma  help friends trauma  look others validate struggles trauma mental healthor look inward  emotional needs wrong sometimes people abuse doesnt make  opinion ptsd anxiety play tend mae worse  ever really better trauma  congratulations mondays tuesdays ptsd metoo mentalhealth  deal ptsd triggers workplace  comes healing trauma abuse ptsd experience validregardless  deal ptsd triggers movies tv shows books media sources  added video playlist paige vanzant assault rise mma helped survive trauma  paige vanzant rise mma helped survive trauma via  worst thing say trauma survivors via  added video playlist worst thing say trauma survivors  another reason selfblame common abuse oftentimes abusers manipulate us
juIiettelove, started new journal last night ive written much already bc anxiety makes journal lot im
limoncelleo, thats felt like confronting trauma institutional racism homopho
hellaton, academic mean like noncasual person person actually studied psychology identity development
Julaybib, brink suicide desperation benefit changes hastings  another 30 face trial sex abuse young girls huddersfield
Mekonnen_P, abuse woman wrong question things got heated made
savagexrebel, cannot stress enough always always always check blind spots drivesafe safetyfirst  im depressed  thats gonna except im concertgoer bc wasnt allowed go growing anxiety  yeah yall wouldnt wanna see go depressed relentless ruthless heartl  chronic depression since  therapy useless  depressed cant even bear thought three hour shift dont wanna work  im depressed miserable cant focus consumes thats  fall deeper depression isnt going positive outcome
Meeeeeeeemnm, never condone hitting woman woman ruin mans life false lies abuse rape
Jess_Smitty_101, legitimately gonna guzzle red bull stress organize prepare another day
WarriorGoddessX, child abuse survivor participated child abuse enquiry voices concern grenfell inquiry yet  weary given platform racialise issue child abuse amp exploitation yet openly blame  ignoring abuse powerful white men focusing one type abuse one type perpetrator modus  common type child abuse children 12 abused adults duty  using profane language relieve stress called lalochezia
thepyre, mentalhealthawareness mentalhealthmatters
capitolhilldc1, since election ive go back anxiety meds worked hard get amp afib working  friends told address teh abuse platform responded wif antiblack
strawberybIond, bts stand tcheek syndrome
AshmanNews, dont drugs saying made cocaine force child abuse ur laughing
ArmyMike, people lost minds whats next ban laughing depression horrible disease  amazing sexual abuse sexual harassment hollyw
fuckfr4nkie, feel incredibly alone reason depression ive enough cheers  hate im trying depressed peace eyes snitch go red crying like thought homies
AkumaKetsueki, animals bts things make smile early morning  havent genuinely cried years im pretty damn sure went bts concert would  mother talking phone sister getting shrink extreme social anxiety  would way depressed
ImC0ld, im exact opposite always filled stress waiting day feel good 13 years waiting
stuffhedoes, absolutely teacher worth salt knows dangerous suicide romanticized novels even
Shannon_T_Green, survivor remarried wonderful person carries trauma youi know hard let  us courts show pattern human rights violations failure protect battered women amp children abuse discr  domestic violence allegations believed courts 45 time child abuse 3x times less likely  2005 2015 every custody case nationwide mother alleged child sexual abuse father alleged parent  cases documented abuse protective mothers statistically likely gain custody th  metoos messagei see hear believe youapplies equally domestic abuse survivors  presidential task force found men abuse partners twice likely contest child custody court  thank barbara book working real grief ptsd writing  recent research study found court decisions fathers substantiated history committing abuse  pennsylvania senates failure offer remedy child sexual abuse victims utter disgrace editorials  yes yes yes im sorry forgot report trauma way makes people penises believe us  trauma domesticviolence rape survivor joy like never ending surprise never kn
AlisonsDeppArmy, havent feeling good think hiding bad gone bipolar bad  well things wont go away unfortunately epilepsy bipolar things
MinaToastool, anxiety
DvineExpression, disrespectful asking question mess stop abuse authority harassment
btskizpop, bts arent active armys giving  thing jins birthday arsd boost amount tweets tagging bts wouldnt good  never late get little spooky armyseicaday bts
sugarbat__, cause ive diagnosed ptsd year grandad died year badly abuse  get ptsd griefa family member dying ive getting flashbacks memories specific smells  anxiety keeping awake cause first day new job 9am tomorrow would rather die thanks  idk nala cat lately might cause im locked room depressed hoe miss hope shes ok  told mum ptsd makes hard see male doctor didnt get like well see  yeet lets bpd buddies
lungile_nyathi, solomon skuza umakhumalo child abuse hayi ah whos mean crying one tim
hockeyjss98, lets make things clear getting nothing repeat nothing trying abuse pm modi thing
Dorksword, guy decides tell dont ptsd people serve military really  clarification even though something stated numerous times ptsd years child  mockery victim abuse im man abused women proved
starchytragedy, anyone know experiencing regularly sign depression poin  want asked hugs want friends respect still trauma ing touched inppropriately
harrydaniyan, lol lagos pipu capacity traffic stress legendary dont know ho
Passionistaa, comparison individually abuse abuse cant  degree abused woman matter didnt realize abuse ok
ActCarers, money get paid prescibe remove ld pts home la takes money  attitude speaks death rates highest prisons 15 years suicide rates  spoke protect pts reported pts given impliments self harm wi  child paying price reporting dr pual gilluley john howard centre patient abuse  dear save patronising twaddle amp lies enable pts  pts seclusion forced drink water flushing toilet nurses refuse water ke  report people want family memeber live get care people employ known abuse  reported patient abuse cqc outed dr gave  developed addisons stress late  dont want improve pt safety cost income mh ld pts medical guine  sorry abuse seen amp suffered personally repeatedly antithesis care  pts kept least restrictive environment years deemed fit movecosting tax pa  please mention waiting die mh units abuse mine may killed speaking ou  suicide homocide rates prisons amp mh time high past 1520 years charge  enough keep pts safer dead dying abused less truth
LeftwingPoet, oh abuse others mistake prostitution children anyone pretends otherwise de  know happens care homes children passed around like sex dolls use abuse son law
GrannyPi, horrific abuse servicemen glad busted wide open
LadyLoveLDN, uk products abuse cow milk legally seen inhuma
GinaDaviesP51, morning domestic abuse bill mandatory training da incl coercive control amp financ  depp used abuse wife well known went  often women men dont even realise domestic abuse become conditioned  abuse starts includes violence years tried leave  agree talk new partner sexual abuse  please say youve affected domestic abuse
DiStefano1410, may party abuse democracy amp power every chance correct
LauraJade_11, 700000 men year effected domestic abuse suicides last year 75 wer  oh yes know used abuse card many times even said hi  parental alienation child abuse fathers4justice f4j equalrights humanrights pas parentalalienation
afullerauthor, alot history rewire suffer anxiety low self esteem invalidation etc  alot said emdr therapy comes trauma well cbt also parenting  thank narcissistic abuse potential turn victim strong survivorthriver  idea non fiction self help style book based narcissistic abuse experience  narcissistic abuse parent huge reason many adults walk earth mental health problems  scientifically proven rewire brain write childhood trauma thats start today wednesdaywisdom  cannot stress much impact younger
MagombedzeTracy, thot peace mind find self oversleepingsad im depressed  kkkkk bva nyaya yacho ichapa stress kune vazwaisu joy yedu
LiluWheeler, hearing makes think diagnosis raising awareness ocd intrusive thoughts  question therapists relational therapy supposed take cultural social factors account also  dont diss forget posh professionals otherwise increase stigma many london
aliceness, never mind rest time people rude unsupportive dont give shit wellbeing  didnt write anything last night depressed rubbish day came home bath turned lig
MOyebodeTeacher, often feel like victim punished students racial abuse
PhilMitchell83, wasnt abuse wanted said actual cse professional boy well shes looker said  route kent deliver keynote speech boyscse experience rape amp abuse looking forward  appalled hearing clients health assessments sharing coping strategies anxiety usefu  great crowd attended presentation boyscse amp experience abuse south yorkshire today  abuse boys amp men hidden problem massive one ive worked many clients  route south yorkshire deliver keynote speech boyscse share experience abuse safeguarding conference
joelogue2, think asinine simply making correlation abuse
giggsy1313, dont stress donald footballs coming home
NarbeyClaire, inspection everyone knows stress levels go roof teachers pull al  awww ive time negativity life enough depression negativity cover many li
truce_djh, oh joy im missing first week school year nine next year stupid fucking wedding cue anxiety  really want indirect someone get anxiety people wont id feel bad afterwards sksjsksks
MissyFeelGood, sadly true imo one person may enthral happiness amp fulfilment yet another may abuse  people addictive natures amp stress develop ocd believe little ocd  someone lives near mea ironing fetish cant seem stop people deal stress th  wonder postnataldepression mentalhealth issues umbrella many women suffer amp  behind every highly dramatic person lurks unresolved trauma drama way asking love beg
fairamy, backstory abused life years child sex abuse assorted verb  pts hold youre gonna need later  scored pts halftime ravens  ravens damn near shut us 13 pts got
ukpapers, future trump cabinet member gave serial sex abuse deal lifetime  ageing alone overlooked danger agencies find 235000 elderly victims abuse
mohdtalha, didnt abuse even madam started  great attempt eagerness amp anxiety defend somebody even able writ
LisaBarri, oddly watched video micheal aquino child abuse within military yesterday shared
granpapan, japan mind control fan flames hatred separated parent mother recognized child abuse japan  japan mind control fan flames hatred separated parent mother recognized child abuse japan  japan mind control fan flames hatred separated parent mother recognized child abuse japan  japan mind control fan flames hatred separated parent mother recognized child abuse japan  japan mind control fan flames hatred separated parent mother recognized child abuse japan  japan mind control fan flames hatred separated parent mother recognized child abuse japan  japan mind control fan flames hatred separated parent mother recognized child abuse japan  japan mind control fan flames hatred separated parent mother recognized child abuse japan  japan mind control fan flames hatred separated parent mother recognized child abuse japan  japan mind control fan flames hatred separated parent mother recognized child abuse japan  japan mind control fan flames hatred separated parent mother recognized child abuse japan  japan mind control fan flames hatred separated parent mother recognized child abuse japan  japan mind control fan flames hatred separated parent mother recognized child abuse japan  japan mind control fan flames hatred separated parent mother recognized child abuse japan  japan mind control fan flames hatred separated parent mother recognized child abuse japan  japan mind control fan flames hatred separated parent mother recognized child abuse japan  japan mind control fan flames hatred separated parent mother recognized child abuse japan  japan mind control fan flames hatred separated parent mother recognized child abuse japan  japan mind control fan flames hatred separated parent mother recognized child abuse japan
MickyMarie_, adult never amp mean never hit child im survivor child abuse damaged self  new atlas psychedelic psilocybin therapy depression granted breakthrough therapy status fda
Caruto85, dont trust anyone comes therapy
doaavi, mental abuse started early life came broken home tried hard pretend perfect  part abuse dont blame young didnt understand world constant need  abuse came different shapes sizes different offenders childhood adulthood honestl  even day still doubt still think fault guilt abuse caused never go away  always hard pinpoint abuse truely starts especially youre young dont know better  abuse kind horrible anything anyone horrible  ever mock think moment mental abuse less painful physical abuse equ  real warned filter abuse tell safe longer situ
SMLaraba, anyone documenting rate suicide nigeria id wager theyve gone last couple years
ourchildhood, commandment honor parents sticking illusion parents loved us abuse us prev  commandment honor parents sticking illusion parents loved us abuse us preve  commandment honor parents sticking illusion parents loved us abuse us pr  commandment honor parents sticking illusion parents loved us abuse us pre  commandment honor parents sticking illusion parents loved us abuse us prev  goal therapy become emotionally honest open every kind feelings may trigg  depression possible get rid longterm severe depression even minutes dare  commandment honor parents sticking illusion parents loved us abuse us preve  become interested tragedy child abuse made many experiences direction came co  means disciplining children seen trauma way one feel hisher ow  machtsuitoefening van de volwassene het kind en stress maar als een kind zijn ware gevoelens moet onderdrukk
treetopteresa, five girls whenever get depressed look feel better  lady gaga shares like live trauma mental illness fibromyalgia
akash13127, abt calling psycho etc etc said kisi ka baap ki aukat nahi hai aukat also abuse  showed middle finger surbhirana bcoz provoking nature aur kisko abuse kiya  kis lady ko abuse kiya yaar surbhi ko middle finger dikhaya tha
CiaraChambers, case anyone wondering anxiety extra high finals szn
ThatboiCark, read dogs abused jump rope feeling abuse didnt want  theyre forced draw get beaten mess sadly talent abuse instead
SamStewartAU, money also reason depression keeps us truly free keeps us moving forward
meredita_louise, 17000 members stolen generation experience chronic health issues collective trauma manifests nat  incredibly proud brilliant presentation important need psychedelic therapy resea  important talk trauma informed practice support families kimlittle vicparentstoday
CricFan07, abuse bad unfollow nahi kia interesting tweets krtay hai meri ghalti thi celebrity ko mention
spacexmckitty, seriously blaming suicide loss survivor brothers death thats sounds like  tw people talk fake abuse qanon pedo rings really piss offi know people abused wa  im sure chester would proud attacking suicide loss survivors makechesterproud  people attacking someone whos brother died suicide dont agree something posted abou  spoiler alert nm murder looks like suicide  tw magnum pi episode four believe suicide warning old magnum pi  like dont joke suicide unlexs joking cope  testimony former student tw disturbing content child abuse sexual abuse end blog
MaureenHogan51, get insomnia think probably anxiety related ate oreos glass
thatkidx01, started writing escape life growing drug addiction mother emotionally unavailable
MeloettaChan, guess reasons easily angered could call ptsd others would say easily  difference anger ptsd issues uneducated prick
Lion4life16, part jerry sandusky didnt abuse victims thats want call jerry sandusky neve  part firmly believe victims dont ptsd diagnosed anti social personality  jerry sandusky pardoned governor 45 counts sexual abuse children stipulat
KaylaRosenZines, went grocery shopping right therapy today came home fewer types fresh fruit  audible advertising books bpd holocaust intergenerational trauma andthis
Rayne51252179, honestly im scared depression getting worse everyday gotten point  hahahahahhah anxiety horrible
pebbleys, vague yall act like adoras fault catras abuse 11yo adora couldve done anything abt anyw
stk_invst, dr though imho suffers schizophrenia therefore unfit senator
LadyMhere4u, depressionisreal mentalhealth protect heart old wounds still bleed  told end bipolar youve physically mentally sexually abused true  told bipolar empath symptom least one
JLynnDuffy, ugh yes theres also weird stigma associating
SirInariSensei, stigma real smirk mama palunga tv saba kaayo nya wala na si art wala nay lami pbb
OfficallyEmz, got sent shes making fun fact anxiety disgusting wrong  taking twitter break everything anxiety bad especially ridiculous unne  surround bring best stress
OT7_FanBoy, love life bts  love fucking much bts  leader fucking stunning bts  talking passionately bts even though nobody asking  one day till beautiful boys birthday bts  smile makes happy bts  vimin jikook taekook taekookmin heart screaminggggg bts  im screaming look jins bts  hes fucking beautiful cant cope bts  love bts bts2000days  funny bts better mystery kinda thing going people masks cloaks pretty little  hes absolutely gorgeous bts bts2000days  went boys men bet people told wouldnt get far feel stupid bts mean wor  attacking like bts  first time ever overcame anxiety went see burn stage first time months  showed reasons love bts completely cure depression anxiety  call bangtan boys bts instantly fell love music  mom took doctors diagnosed sever anxiety depression day still scare  depressed id never leave room hardly spoke family friends id literally cry sleep  okay ive decided going story kinda thing bts means much want  hes fucking cute heart bts  wish bts life back high school high school days probably darkest days  bitch blinked bts  one many things love bts even money awards fans etc theyre still humblet  hes fucking beautiful bts  bts  im living namjoons purple hair taehyungs red hair bts mma2018  bts looked fucking amazing mma2018  love fucking much bts  love bts  hes cute omfg bts  love fucking life bts  bitch im proud right jungkooks face cute bts mma2018  love namjoon bts mma2018  taehyung cute hes shy mma2018 bts  boys got another fucking award im proud holy shit bts mma2018  im proud bts mma2018  yes another award bts really night mma2018  much longer left mma2018 cause bitch im tired wanna see bts lmaoo  taehyungs reaction girl dancing cutest thing ever mma2018 bts  taehyung fucking dab please stop boy bts mma2018  yes another award bitch im proud boys bts mma2018  jin yoongi hoseok dancing music cute oh god mma2018 bts  jungkooks face woman singing cant hes cute mma2018 bts  mma2018 yes bts yes im fucking proud babies  yall know taehyung died hair blood fucking murdered meeee bts  beautiful angels bts mma2018  bitch im look good bts mma2018  look theyre beautiful bts mma2018  long award portion go cause im tired im starting get headache lmao mma2018 bts  1005am ive sleep things bts mma2018  long rest award gonna cause says pt mma2018 bts  ugh short interview whyyyyyyyy mma2018 bts  literally jumped heard fake love lmaoo mma2018 bts  taehyung namjoon jimins hair yes mma2018 bts  look amazing mma2018 bts  finally kings mma2018 bts  theyve arrived kings look fucking good mma2018 bts  crazy yet beautiful see impact bts made peoples lives cant imagine  cant breathe bts  jins glo bts  yoongis glo bts  hoseoks glo bts  namjoons glo bts  jimins glo bts  im fucking excited oh goddd bts  taehyungs glo bts  jungkooks glo bts  feel attacked bts  thinking article13 fact goes wont bts anymore  hes fucking beautiful bts  love much bts  id pay much money jungkook punch face boxing gloves tbh bts  amazon orders arrive bts
jehankanga, resignation syndrome serious end stage acute trauma affecting dozens children
Lala_Lamp, tim hortons cures depression profiting cookie smile  tried plug vape aux cord addiction  12 hours taking first antidepressant still feel depressed im suing pharmaceutical company  seasonal depression usually spring time around halloween say candy cand  one depressed kill  need mental health suicide isnt problem mental illness problem  13 reasons problematic even title blaming finding reasons suicide unrealistic
Katie_Mitchish, bts literally beautiful men constantly standing along side one another feel blessed  idea writing dissertation effects trauma child born living trauma upb
chinkyjeno, stigma around sex work exotic dancers annoying lmao
theglue29, tangential tho dont talk abuse endured  id willing bet named kid could happen honestly child abuse ask
NeolithicSheep, whereas take herd goats browse avoid stress  im chronic pain patient treatment resistant depression along leftist
heyheycasey, well stress part hits nail head ill surprised medication even moderately helps right
DaJewelleryBox, lol maam idea tbh anxiety high thinking trying today
ninjahschool, stop making world sick wanted abuse infants amp animals  suppressedwe dont tend know mind deals much cultural abuse also learning yo  whole racket use amp steal stories invalidate peoples real abuse inflicted certain people
noah_baumgarten, found article woman committed suicide apparent cause really
LakerSteve, speak sexual abuse  youre good part shes already ground suffering head trauma
XStream237, even though age 14 witnessed much death suicide family personal life
Kander5on, return freshers cant stress annoying mates get shot teq
PianoSonority, hannah youre good person lot social anxiety youre obviously  ah fuck date tomorrow date tomorrow date tomorrow im anxiety ball aaaaaaaaaaaaaaaaaaaaaaaa  ah see gay conversion therapy gay direction wrong direction
shashanj60, sick child abuse
webgirlfriend, skipping therapy  im less done deadlines academic stress hormone deposit crack opene
animeoutsiders, heres data tldr child sex abuse rates higher japan crime general
Cogadh_Ghrian, makes sense hes doj investigation helping cardinal dolan kill ny state child abuse bill  kgb continued bella dodds work 1980s knew altar boy abuse communist russia op demorali  rt tv begging forgiveness running stories orthodox altar boy abuse  needs supernatural spiritual response abuse begins  abuse clergy left stain souls abused abus  apocalypse world punished god altar boy abuse natural disasters governments  cnn altar boy abuse case revolving door church today church one hardest hit opiate
FiliaDolos, yeah another lot years left child psychology tough said smiling little really
FluffyMarmalade, feel pretty good therapy session today glad went
BreenOuellette, continuing abuse varying indigenous rights according governments enthusiasm concept reframed gove
chaosbogey, went therapy today first time ages spent entire hour whining annoying
noteablebits, abuse whole separate issue pissed sick people saying kids dont owe parents res  hell wrong people want say say abuse kids dont des
MumbaiKaAadmi, abuse authority going  fake news false events abuse crybaby faced repartee simple truth alien
DaddyLarb, thanks letting know im still hella depressed  release stress
ittbbb, addiction power control people
SeventhDayEden, hello roland depression horrible hang keeping look jesuschrist hang
Mxnchkinz, cant wait switch mouse keyboard thing got fix anxiety know make
Raelyn2_, uhh im anxiety
MychelMRW, patterson said going abuse make sure never  way dreaming works part art therapy means dealing trauma people
xxxtenchion, troubled child saved hundreds lives suicide helped need left mark
CharliePKane, pretty much hero mine cosmos series helped get depression devastated bu
Blunders141084, haha matecouldnt take abuse gave shitting half way ashes series
bunnyt1960, need know need go potty get nurse help stress need  remember herbie lots head trauma playing osu besides doesnt care nd  good sort therapy next week crutches suck care  people available help talk professional national suicide pre  yet take bath isolate couple days see anxiety dimin
__trashprincess, tw abuse sexual assault lrt brought ndgt allegations today coworkers actually prett
Jacobdude, criminalize forms sexual abuse assault somebody takes knife boys  horrible surprising people knowledge early trauma childhood trauma brains
BlackKhaleesi, constantly bring child abuse context gangstalking children arent direct  instead degenerate like wanted still sexual person trauma healing  whatever done namely lifetime torture sexual abuse emotional abuse physical abuse atte
wowsoclever1234, im aware people always abuse power like people support thats hu  genetic suicide isnt smartest choice humans like hum
10fifty6, note make ten50 type beat tune 808s hi hats adhd
Dunks000, archers fans gripped domestic abuse story something
JohnnyRock, editing victim victor surviving child abuse night tonight lt3  comes child abuse silence golden abusers value silence isolation  know text 741741 feeling depressed suicidal crisis worker text back  know text 741741 feeling depressed suicidal crisis worker text back
ShurterD, disability 76000 make month doesnt go far complex ptsd sucks beyond belief  never commit suicide fucked beyond words
Punkichu, social phobic anxiety ridden clinically depressed woman whos loyal amp heart semi gold amp anarchism  dear stress nearly 3pks mentholsday randomly learned suorin drop shop near  wawa place go leave house socialphobia severe anxiety works employe
jaljayomyheart, know bts bighit got paid million  im still bts performance pull amazing performance
kchatmon4, get paid take depression nap coffin  home renovations coming along ever depressed also platform  haaaaa lets see fast trigger collective ancestral ptsd real quick skskskskskssksk
a_weirdwriter, thats right ptsd im ashamed  reading book someone recovering ptsd im feelings appreciating far ive com  anxiety disorder bad crowds today heart  cant sleep anxiety disorder giving heart palpitations much creative writing happening helping  stan essay handed despite anxiety suicidal ideation
casterIyrocking, depression donkey
MaryHarney8, dont even know abuse friendship
venomraider, oh mikey psychology major licensed therapist please tell whats wron
LouieTheRed1, abuse shocking abuse power well wh
CWJohnsonJr1, motivationmonday motivation mondaymood motivationalmonday motivationalquotes suicideprevention
bonini_sm1le, didnt cry graduation im tears look im speechless bts deserve world  guys guys rock way go bts  youre sick study brain ends something totally differenttheyre bts bookmar
Pmbigz, jess laughs male suicide  well meet families young privileged men committed suicide
POD_Payton, anxiety disorder theres bigger trigger room full kids
MorvariTess, mysterious death drug pricing czar daniel best ruled suicide news  hows girl sexually assaulted least pay therapy
ebilmeeki, know like shadow depression clinging like 500 lb weight fear  truly glad first suicide attempt 20 last one recent  im recovering trauma im raising transgender child one bigoted sta  rape almost 20 years ago still suffer ptsd social anxiety depression always  doesnt scream ptsd ptsd would leaving right happened longer
talentxox, please tomorrow would love hug someone whos music helped much depression sa
Stewart_E4USVet, big difference discipline abuse shame man grew disciplined often
twitemarti, everyday everytime everywhere everyone abuse  trump talking every abuse including mine
RyanLooney8, maybe anxiety talking sometimes get worried empire ash
QuakesFan84, people shocked organization would ignorerefuse investigate evidence abuse paging
sirlindsay, knee hurts im depressed binch yall today  made really depressed comic im debating post cause ppl say im lying le meh eh oh
TCEquine, im sick asf dont judge pups missing cattle dog cuz thinks costumes akin abuse wann  im tweeting cute animals things today think need cute animals therapy
TissueIssues27, grew place abuse abused wasnt tough would die scars bruises wh  grow shit goes crying hair fucked life mess car hungry tired depressed th  tried little sign bts fingers thumb mothertruckin small barely goe  bts jimin stop eng sub via  spent hours life talking crazy mexicans bts fanatic save
ExAmish101, many strict churches coerce sexual abuse victims silence sexual abuse awareness activist get many  hero report suspected child abuse might childs last chance national child abuse hotline180  surviving sexual abuse amp prevent silent killer via csa childabuse metoo  two german states investigate sex abuse crimes catholic church blogs lifesite  thank helping never stop raising awareness sexual abuse christian churc  report months continual abuse church bishop amish taught always  report months continual abuse church bishop  sexually abused bishop amish church world needs expose sexual abuse  sexual abuse often debilitating secret one wants share kinds secrets sharing  five women suing usc allegedly letting gynecologist abuse via metoo timesup  glad hear getting better sadly child abuse sexual assault problem around world  reddit page created place abuse survivors open stories lend words enco  join new subreddit reddit created raise awareness sexual abuse child  insightful book help many today launch day grab copy book abuse author amwriting  severity sexual abuse ultrastrict christian churches open secret long resist
ruiz22, fuck hate guy im really sorry gotta like ocd something soyou
EdwinBWriter, well least isnt horny gets someone commits suicide
diana_fancy, kavanaugh didnt help way acted work abuse
deppangel_, disrespectful animals see things like ur travels stop wild animal abuse  bijou let tell something know people go threw mental amp verbal abuse one johnny depp innocen  normally dont open lot people past history abuse truly love someone dear dont  seems one knows true abuse like sh
A_varys, quit jake ordered cbd anxiety etc
MarieCorcoran13, pain sleep bed wetting ended depressed also drug cause people  seeing marginally better placebo greatly ups chances suicide iss  would saw proof abuse ever took place id say inspired carries  experinced abuse first hand well  wheres apology assurance didnt know abuse  sympathy abuse abused system ki  problem lies within pathologizing trauma unfortunately people experienc
jostar22, know solution severe serious ptsd williams syndrome learning disability  years old severe ptsd clinical depression severe anxiety conversion disorder diagn  day night severe ptsd suffer suffer severe anxiety  makes enraged sexually abused raped aged ptsd ext  hi duncan mental health oh goodness ever severe ptsd clinical  unforgivable fact man used taxi sexually abuse people allowed leave  assure know trauma coursed ptsd th  well meant every single word said suffer severe mental health problems including ptsd  awful heart goes ptsd experience exactly get ab
StrayTurtle, like psychology need someone represent values politics like therapeutic form control  dont like terrorism relentless bullying sexual abuse culture around least
toddieonohan, listen intview never abuse mentioned tua  go figure cubs insider bashing tuas dad abuse bet cheered addison russel
nebraska_jones, yall quick defend child abuse published academic study suggested could lead violence  seasonal depression real
OneMotolani, therapy sessions attempt appear brilliant
PhotoandGrime, dumb people abuse rape people identify look think
_MoFash, hand speaking commonality abuse heterosexual lesbian relationships common denominator woman
crip_punk, bpd seen attachment disorder ways absolutely attached get  bpd cptsd often comorbid well cptsd manifests flashbacks anxiety attacks  said bpd crock shit bpd real autism sometimes someone  bpd meltdown rage pacing apartment angry crying insomnia  bpd feels like violent anger swirling boiling chest bpd obsessive thoughts  autism bpd autism something ive since well birth know hype  hi bpd autism bpd emotionally abused young age dad  transphobia suicide tw later thread really really important
BiffMeeckie_2, mentalhealthawareness depressionandanxiety
iowaowens20, also learned abuse children like abused learn like many  amazes much domestic abuse prevalent society wife works court system  difficult get proper pain medication ridiculous treat everyone like abuse
franchisechild, bruises welts dont sit tell spanking kids child abuse  go apacker games stress freerother win turn shit around lose get one week closer
rabia_brown, heart goes every survivor sexual abuse didnt deserve  sis low blow hes open honest abuse youre making light situation
aaishaiya, example lesbians likely experience abuse physical otherwise within relationships gay  men experiencing domestic abuse women also violent towards men women physically stronger partners
Charapp_BetsyB, also know dont know abuse hope yelling
HoodlumRosea, whatever fans admit dear heart realise abuse victims develop complex relati
MarkPRamsey, two wrongs dont make right one abuse officia
ohnoshesalive, im depressed sucidal im trans hrt made happier years even still  cheap group therapy bitch  tbh im feeling depressed right entirely sure im glad get see doctor today though maybe  never touchyfeely unless particularly depressed drunk one evening still somewhat cl
DCPolicecorrupt, know scratch surface plymouth abuse boys soon found amp deliberate coverup  agree deliberate perversion justice police trauma trauma noone  rapebygov sweet england judge show doublestandards police trainee cop child abuse  insane selfish suicideprevention inflict others trauma death train utterly wrong sy  rapebygov highlystressed people insane things government piles stress internet seems safe pr  rapebygov boy hounded suicide good catholic youth bullying basis hierarchical society beca  rapebygov dumbingdown people combination fear addiction drugs legal illegal  rapebygov systems government based fear abuse abused people england included law  rapebygov catholicchurch forced admit truth truthmatters abuse children  rapebygov read mans suicide due debt professionals expand extorting
AmazonFCPhil, ive never seen abuse workers phones bldg work safety well
kajalMehtaJ, hv really gain social knowledge nd beat depression spent time wd ur old family members specially wd  forgot counti hv watched ds movieeven today wish watch againsuch stress buster lovely movie
hayfordian, basically trash fire lives rimke says inevitably results violence fear anxiety anger  focussing personality disorders dsm reserved predominately women eg bpd hpd dpd
AnalizNoelia, talked today therapy messages always lovely thank work  wow read reviews amazon idea helps sleep anxiety im
aaajboo, think suspect red cry least related also think suffered sort abuse grew
Ring_Sheryl, im also victim abuse family owes nothing abuser  thats defend addison russell domestic abuse youre getting blocked im done bullshit  also wrote earlier yeartreatment domestic abuse typically doesnt work  sheer number men saying addison russell didnt abuse melisa fault making seriousl  also addiction disease beating someone choice comparison offensive
HdrMlk, theres people depressed wont open feel like theyre weighing others know
realityaddictx, sort perpetuates belief decide stop depressed dissapea
James4Labour, remember story stage crew angry abuse received famous actor product  please tell abuse thrown want report myse  abuse thrown please tell report bad behaviour  shes probably sick tired constant abuse idiots like
AlexLondonUK, ill always remember franklin cover poor kids trafficked dc abuse
Northantsfans, pretty obvious increased steroid abuse young african players get ahead game  left added stigma immigration leave vote
tayttimus, hey uh twcw csa amp sexual abuse forgot dad told family friend abuse  took mental health day honestly hard tell less anxiety inducing  especially depression spikes
GoodeyPhyllis, free deji without trumped charges stop lies stop abuse power go
S_L_I_C_K, last getting help mine never got dime months gofundme almost ptsd giver lm
luthilagreyth, update getting two huskies amp well fetch em tomorrow pampanga excited meet therapy babies love already
TokyoPro, stood mom men life proved weak beat drug addiction feast anxi
SamDalglish, like according parents abuse
MissGwenllian, rosetu 170 lacerations repeated abuse probably suffered brain damage rosetu trau  studiously avoiding question profit captive breeding address system abuse hard  dont believe everything read online poor jaqueline committed suicide fortnight writing weirdly
TheBali87, uber drivers authority abuse customers drivers asked canc
witchyMishi, love marianne lectures books psychology spirituality shes
anne_myrka, people receive treatment opioid addiction still experience pa
SObeysick, depression hideous seeping every pore often find people staring probably wond  im depressed dont even want around people love  im sorry feeling sorry thing depression
girlygirlsguide, dads battling advanced alzheimers theres nothing heartwrenching watching slow fade lo  dads battling advanced alzheimers longer remembers anyone decline fast im grateful seeing  one brilliant moment chose let go release stress let go battles worth fighting ins  vital wellbeing im going add another chapter book woot woot
PaulPWaldmiller, purple hearts final beata soldiers suicide story  research studies proved treating nonabused child victims abuse actually abused de
HeyMsHenderson_, really messed though like around growing almost anxiety attack flashb  therapy black girlsi needed one hope helps someone else also  im soooo sick seeing people mean like yall really need therapy deal nastiness thats going
AllyLockheart, cause like sister would say attention wrote suicide note 10 sister yel  homework anxiety hard ask help teacher one get  im planning suicide im saying secrets like everyone goes curious stag
Medmoha14, concern alex character glenn fatal attraction commited suicide would  always wonder kept original ending fatal attraction alex commited suicide glenn would gotten oscar  watching terrence malick trilogy favorite therapy
killakuzco, lol man feel thinking bum ass dudes held mama back nothing stress
RHW200, one thought provoking pieces saw anxiety anxietyproblems youareloved
PaulaMc007, incredibly hard allow death abuse son suffered hands nhs
tessasgummybear, probably depression im far bullshit yall time lives ha
ChrisTheCripple, one treatments biid amputation also often caused trauma envi  addition top causes death transgender people murder suicide trans people alwa  yes suicide leading cause death among trans people murder trans people ar  friendly reminder top two causes death transgender people suicide murder fucking murder  treatment mental health usa disaster top stigma therapists ps  instantly attach mental illness violence creates stigma makes people afraid  addition registries perpetuate stigma mental illness lead eugeni
animaltooth, mom scents rose strawberry clinical depression clinical strength deodorant depression  cant believe im battered woman right im trying accuse dramaticizing abuse put
Sinister_Times, dont understand hard comprehend support fair system dont support abuse  thats abuse women ironically  theres absolutely connection im saying supporting abuse innocent victims dont supp
MartianHoplite, century flagrant selfserving abuse perpetration great destructive frauds pu
pecial1717, one ever wants talk issues lead abuse one ever wants  victim abuse years mother amp abused father trust
kooksoshook, bts broke record awards mma since 2009 im course  literally every extremely chaotic bts tweet jinkook istg
caseydeeyacheez, always gave anxiety home judged choice entertainment movies music  terrible inconvenient truth stop asking stay abuse men abusing first ar  pretty sure points matter religion victim abuse  thing dv charities websites already speak everything mentioned jw article abuse non  im incredulous mean jeesh kinda gives anxiety thinking past would mad  yes wordly people step help get abuse jws told sti  also almost wording 2012 watchtower abuse think 2012
Cadywise, fell asleep said mom use abuse back home star said hey lets interview mom
giallesa, antis bts westernised bts literally showing korean dancemusic culture prestigious music award  im gonna go james account since account completely isolated bts dbsjhskdkd dont want spoiler dhkshdksks  fuck thoroughly abused emotionally forgot bts performed mma bbdksbdksk twt beech  kalo sungdeuk udah tau bentukannya eit bentar ini awardnya kenapa berhubungan sama crew bts semua wkwkwkw  selama ini gw stan bts kaga pernah tau bentuknya pdogg hoini toh pdogg  gw baru sadar bts meskipun gw tertariknya karena liat di youtube tapi jadi fans karena dikomporin amp  anxiety looks like pals  nice thread thread half malay half english saying bts never cared kp  story hard love real event story ini albumnya kaya bts yg lebih
Puse0, disgusted level service abuse encountered benoni verbally
laura_corbeth, dont believe mean start get help heal trauma  know childhood trauma long term effects alone fault colour  boundaries loveyourself selfcare mentalhealthmatters  let hold door empathy tellyourstory mentalhealthmatters  12 things unloved daughter gets wrong life psychology today abuse obvious another great pos  fantastic keep pushing mother depression governments need put upfront  actions actions actions patterns patterns patterns psychology education  write emotional abuse psychological abuse silent treatment gaslighting emotional neglec
Butterfly_Trish, believe last research read 2012 average 10 adhd diagnosis actually ptsd also child  support worldmentalhealthday alliance attended illinois conference discussing needs  seasonal depression makes holidays challenge via  seasonal depression makes holidays challenge  depression always difficult time year dont like cold painful memories  cycles abuse stop whispering via mytruth ashamed  omg cold difficult chronic pain depression time year suicide rates highe
kateylangridge, yeh thanx money bit retail therapy
mezbourian, suicide always option
THUNDER_LEMONS, sad died us soil hoping asylum got abuse lgbtq icereform
ZintleDiko, still alive making living rejections abuse sexual phys
vani_echelon, well true victims met scepticism speaking abuse suffered
quietcourage3, abuse inflict dont always visible effect everything appear ordinary
munfess, rl kalian ada yang punya trauma kl punya trauma apa  pola tidur yang tidak teratur dapat menandakan kamu sedang mengalami stress lho dear selain itu apa aja sih ciri  rl depression cuz father done abused physically mentally childh
akaalison1, sorry abuse life reality story nobody des  someone radio yesterday uses help anxiety depression
Stefany_Rocks11, therapy councling bounced med med dosage dosage  im meds dont help doctor trys kids csll freak im depressed  parents think depression anxiety  anxiety wod kick like math class  best friend boy suffered severe depression ended hanging age nine found body
TheLightWeCast, whenever told physical abuse experienced father started comparing people  understand shes mad hurt iswas abuse may one thing untrue  soo used lot bpd narcissistic mothers abusive parents groups facebook left last gr  something else happened week apart trauma getting worse hallucinations paranoia du  50 points added childhood trauma
HoorainY, little boys much danger little girls perpetrators decide harm children child abuse
BFreeEmB, swear depression kicking fucking ass right  feel weird lot things right fact recognizing depression bit helps
ballet_daisy, proud depressed friends living proud eating disordered friends eating  poppys mindaerobic logic abuse victims cant abusers tho lolololol  40kgs depressed  hi survived suicide attempt last week went help fix wounds world turns
Sents_Roy, always say everything may rest peace yet another tragedy depressed mind fightdepression  worked atleast never get depression people starting play psychological games
Ashwinsampathk, stress hindus capable helping th cows
Sphelele_Bangz, suffer major depression dysthymia said im selfish im coward cant fa  struggle really tried deny depression denied got worse  wish could say thing addiction good luck  addiction letfightaddictionandmentalillness  addiction letfightaddictionandmentalillness  stigma makes look like real  someone suffering major depression dysthymia addiction challenged  depression living body fighting survive mind wants dea  depression common serious medical illness characterised symptom  congratulations wish strength also beat adhd  suffer major depression diagnosed august still new mission  someone battling depression motivating  yes im smiling inside im dying depression letfightaddictionandmentalillness  depression living body fighting survive mind wants die  created account vent addiction major depression  letter addiction letfightaddictionandmentalillness  best way master addiction mental illness believe high power  stop worrying go wrong get excited go right anxiety letfightaddictionandmentalillness  never late change choose stop addiction special kind hell letfightaddictionandmentalillness  depression letfightaddictionandmentalillness  addiction choice disease  yes dysthymia major depression  suicide letfightaddictionandmentalillness  depression  may apply substance abuse alcohol letfightaddictionandmentalillness  types depression dysthymia unhappy time major depression cant cope life recurrent depression  ashamed addiction mental illness weakened health brave seek  depressed defeated  letfightaddictionandmentalillness depression quoted unknown source  someone says depressed dont mean sad means empty letfightaddictionandmentalillness
lilscorpiondee, years abuse finally got outi went sexual physical emotional trauma
Geek_Prince, makes fucking sense mental health dictate suicide rate th  dumbass gun doesnt stop suicide hang jump building jump  depression feel like feels like toxic possessive spouse always dragging away inte  anxiety feel like feels like stroke 29 taste like sleeping pills  anxiety feels like except also need add ramsay gordon yelling egg sh  veterans commit suicide
ChantzAfia, back 60s70s ppl minded business aspect none abuse talk
Abbey_Cadabby_, went loving guy put anxiety attacks meeting guy knows pull thats upgrade  ive people ive known personally commit suicide someone actually spent years hanging
MelaninRae, rapist threatens abuse child hires people kill job demands see  rapist threatens abuse thulis young child drives insane
SikwindiSitula, startling starting point us economic depression 1930s necessitated control
SNAlLWOMAN, rip watercolor bts never finished
http_lx, retweet want abuse surbhirana dadyan chudail kutti kamini esko kabhi pizza naseeb nah hohuh huh indiastandbysreesanth
PlsHelpOurVets, calling suicide  us navy admiral scott stearney found dead apparent suicide question gl  us navy admiral scott stearney found dead apparent suicide ya right scalia
rfranklin626, come know trump gonna abuse thing whos gonna stop one
scretladyspider, gonna retweet hashtags christianity conservative mentalhealth mentalillness  im mom adhd thing game changer  people like people illnesses question depressed nuerodivergent suffer  student died told suicide chapel held filled crying students lonely pe  depressed ever life constantly pulling allnighters pressured say  try verbally loud tell depression illogical emo edgelord  think one hear moods predominantly bipolar switch  really needed vent things mostly grieving ive putting adhd  adhd fam im recently diagnosed like within last month adhdpi im trouble acc  went intensive therapy figured new strategies things ive struggled  love much watched diagnosed adhd feel everything youre saying much  yeah different ways adhd effects life actually found month  difficulty regulating attention hey like thats basically adhd
ijxssica, legit cries ap physics bc much pressure stress im teacher acknowledge cr  social anxiety really took history presentation wonderful
evaesp383, lmao scrolling replies im seeing salty bts stans jesus  know personal experience depressed  ive terrible anxiety life every single interaction make think
WendyLynne_, watching scrubs glass wine weekly therapy working long rough ni  pts mostly die used gun suicide attem  im psych nurse level trauma hospital large city number pts guns
AnjleLatihaC, im reading depression coping mechanisms self coping mechanisms came across acc
peachboyy333, im trying anxiety attack feel physically  ooh im watching bts performance cuz fan choreo im sucker snap im still sad cuz almo  tw mention abuse irreverentmorbid humor nothing ever anyones fault feat rachel bloom amp scott michael  sexy french depression feat rachel bloom crazy exgirlfriend via
TaurusShawty, today turned music tf popped ass looked beautiful self mirror amp stress literally melted away
HayatullahBasij, fifa investigates afghan football body womens team abuse claims statement issued cnn company sai  deep sadness strong condolences lost family members suicide attacks nangarhar prov
Soul_Decay, think actually belief course suicide decide kill animal
the_trading_ark, glasgows green amp white id keeping radar supported club rife child abuse amp glorify
elisekumar, adhd also isnt way like else would mental arithmetic coll  started adhd meds suddenly realised oh wow lot depression anxiety  read transcription interview months ago mean adhd holy shirt  passed hpt test easy omg adhd  didnt even realise level social anxiety started using self checkout machines much le
eddieamack, first thats flat wrong women particularly color risk horrible abuse  standing rights oppressed minorities america entail excusing domestic abuse  healthy dose perspective needed talking physical abuse woman realistically
MikeBaliff1, exactly rigged systemrights abuse human trafficking president trump talking pr  royal trash pathetic pro rape abuse  legal abuse witnessing goes courts fake dossiers
carlsonmiked, recommendation psyh ptsd dog starting process 15th
Shaken0Stirred, tried get many brothers possible seek treatment must try remove stigma ptsd
RoseusJaeger, anxiety bad tonight feel bad keep forgetting anxiety medication  watch get social anxiety asking editors estimates manuscript editing proofreading lol
BTS_4everLove, amazing btsarmy unconditional love bts burnthestageatinox indeed loved movie  burnthestageatinox bts btsarmy thank making possible bring  quiz bts member ideal travel companion travel companion taetae via
ManikSi44649969, asked told abuse  dont worry good abuse know results  like human dude dont abuse sister un  talking urselfu first go abuse ur  first abuse ur sister show love ur logic right  fuck small abuse big abuse  kidding fuck ppl dont abuse  okk abuse right say  national tv par apni sister ko abuse karna guess wha
ficoshutdown181, even typing causing anxiety panic attack right  ex whacked face amp minn county police said abuse enough
Grammy11111, turn makes stress turn cause lupus flare thats wh  sorry crazy little bipolar manic phase due meds wo  come would locked bipolar self thorazine sh
J4Chabot, abuse im woman beaters everyone saw video
Noobstine_AE, call animal abuse ae using cats corpse mace weapon aqw fight vampire o_o
aberdeen104, work depression anxiety seems duty bound medication exercise  yeah theres still stigma around people spend hours watching tv movies
Michele3Ost, hate dream night arguing mom right leave abuse brings deep  ptsd stand get asshole  waking sunday morning longer feel anxiety belly choose worship today done
suzannerivecca, ever suffering addiction streets d5 supe advocate crimina
sunflowroctopus, ive saying need therapy since freshman highschool buti need free therapy lol know theres
DVYancey, never told confided mom amp told stopped abuse promise
Mz_louisiana28, parents ask parents realize severity mental abuse kids started pulling away
fllwmeinstead, hey dude agree people shouldnt ruin peoples fun nothing people genuinely get anxiety
kellyyyyyyy666, calm stop adding stress reason
Daniel_LWOS, college assaulted pregnant gf pled guilty probation attended therapy  robin hood episode mentioned 2nd best horse suicide number one ring wehatemovies
ambrosia_omG, spoke abuse called liar said true posted  honest therapy meditation helped much also limiting interaction  dysfunctional things parents spite yoga therapy
GHETTO_VEGAN, hard stress others im empath  long stressing others know anxiety tripped  first anxiety attack ive hate switch diet body say ahnt ahnt back starch
YungAnneBonny, thought purple suicide
LoriDav04071591, mom guilty child abuse  suicide west
leoscouller, fuck fake domestic abuse charge pry kid away actual good person fuc  fucking cruel manipulative meth head lying fucking cheat mother throw domestic abuse charges  yall literally part problem someone therapy self medication counselling literally put back track  anxiety inside extremity sheesh always seen internet safe  self destructive behaviors thinking therapy medication gonna serve cure bad mix kids  goes therapy anyway fuck retarded hahahaha
lionzfan44, didnt abuse woman altercation supposedly called  abuse happening younger
RasenBran, gonna dwell advice depression buddies also creative workwant creat  saw tweet got rtd tl regarding giorno quiet abuse etc dont disagree
russ_mc_876, dem stress king jah know
M1NDR, good afternoon folks starting todays stream right changes new stress test patch weve got  hey good evening guys going live friday night beerz stream new stress test update check le  thanks joining stream today guys pretty fun dayz day today stress test bit weird loud  supposed kind fixed stress tests apparently theyre making small steps improving  good back guys thanks joining stream today checked stress test bit although lo  going start todays stream right guys might check stress test bit want get bunch
shimmerscales, abused wasnt okay dont continue cycle go therapy talk someone tru  real depression hours bank account gettin lower havent finished commissions month im getting mega worried
veidarling13, anyway yall hate saturn saturn gives love divine discipline love notice discipline abuse divin  depression comes stockpiling heavy emotions choosing interact light emotions wont solve depressi
Denise30712586, got heaven watching europe commit suicide must allow america  hospital personnel including speech occupational physical therapy
TomGapsky, hey scott opinion better bet alabama 38 total team pts ohio state 375 total team pts  jets vs dolphins 98 believe jets came back 30 pts  micheal aventti im betting domestic abuse charge might hurt chanceshaha  dow lost 832 pts yesterday 3rd worst day ever
WhenCrooksLaugh, remember forever trauma
ReligionTiffany, pt early semester catholic church exposed sexual abuse archbishop wash
NarcAbuseRecvry, right conversation told abused abuse head weeks  pieced together chose barnes amp noble sign relates emotional abuse  great point talked therapy ever got back together  careful couples therapy damaging partner narcissist oftentimes  great article trauma dealing ptsd trauma ptsd  sometimes amount anxiety meds calming depending situation know worth th  im sorry always say psychological emotional abuse worse physical terrible hugs  wish called name calling physical abuse rarely lyi  im sorry contemplated suicide really thought lost mind still think  words ex narcissistic boyfriend didnt know kind abuse name back knew word  relate saying therapy day cant even escape ex
TiddyCent_, seriously avoid much social interaction anxiety fear fitting think friends mi
nativeknow, uh yeh survivor sexual abuse amp rapeit stolen life amp  true means also involved im survivor sexual abuse amp rape know means
Anglesfacil, well advocate abuse men women true claim show vice versa would feel  yeah isnt addiction lot say correct normal nmd concept
Geordie_Patriot, time moaned sectioned bipolar manic episode ps  agreed dont believe group therapy facebook groups self pity  diagnosed bipolar disorder advice good ideal world  bipolardisorder bipolar lived diagnosis bipolar disorder since 2001 music producer one  im bipolar experience since diagnosed bipolar disorder 2001 people dont give flying fuck  life always going question point im bipolar question existence every single day
666_Invert, sexual amp emotional abuse made feel weak worthless dirty need remember strong  im getting therapy revolution bitches  sometimes get triggered really badly abt domestic abuse shit freeze waiting another big earthquake  really time day simply dissociative disorder developmental trauma amp never  still crying lot bcos abuse ive faced retraumatising reception coming take  wheres books recovering abuse sexual violation amp cheating ugly dykes dont forgive  amazed ability trust destroyed also considering trauma around complimen  ill probably less depressed class starts week stitches heal amp get results bac  even represent abuse doesnt end abuser blame gasligh  horrifying way social hierarchy impacts every aspect abuse abuser afforded infinite abilit  im quite tired raising issue trauma ongoing abuse mh professionals met varia  fentanyl vanquished ptsd amp turned anxious wreck incapable socialising amp constantly aware peopl  combatting ptsd floating accept terror dont force yr body keep instead gently float past
sloughingbrains, todoroki aura someone dark mysterious hes mysterious showed deku trauma
shadowqueen2016, cough cough momokun using adhd excuse  put ive emotional abuse bullied enough take temporary break internet
suushitrash, depression btw  also said depression paper front go therapist sis  girl class depression lets us know time btw dont know actuall
AimLEGEND_, sort ptsd experienced
coywaren, anxiety
PaulFHiggins, gun ownership mass shootings gun related deaths suicide rate guns guns help  gun ownership mass shootings gun related deaths suicide rate ho
Shanz_Sicka, know unruly child stress stress gave mother  dont see one seh one talk never touch kids seh man abuse hi
NoMasChenko, fury lost 150 pounds came back drugalcohol abuse 25 years inactivity basically straight fig
gamerguy1991, hear pain pleads stop abuse understand autism refuse  keep constant abuse one many people autism police abuse  hope abuse hands police autistic help someone even one person  sharing story hopefully abuse hands police autistic help someo  pleasestandby autismawareness autism mentalhealthawareness writerscommunity startrek trekkie  thoughts cannabis dependence addiction cannabiscommunity cannabisnews cannabismedicinal addiction
lynngrayson, one day julian wont big clutch image behavioral psychology fades art imperfect  oh wait lets pretend dont exist anyone pass behavioral psychology reaction time sta
azIllustrated, veterans day upon us important honor celebrate fight safety wellbeing  42 million sexual abuse survivors living us today never told story  one seven women experience depression pregnancy saira kalia md psychiatrist treats  one seven women experience depression pregnancy one five postpartum deaths due sui  sexual harassment violence trauma things make deep impressions people experience artist
coldartistg, wish could research future without hit full blast anxiety questioning things
lisaj_2190, 80s abuse happened 2004 iopc cant investigate social services also lets
mmcdonald77, tyranny cruelty injustice abuse law badge
lansdownrefugee, quick question suicide become funny think take mental
poeticflowergrl, enjooooooy psychology much learning human mind behaviors great also enjoy child developme  oh bitch shut say didnt like killmonger go dont mock nigga dealing depression  seeing therapist depression wanting joker hill really wanna die  probably mac good person looool struggling drug abuse beating shit outta people br
mikelkpoet, friend brought subject depression willing listen person says  mikelkpoetry seek help solitaire solitude depression joke mikel  bipolar coffee moving brain fast computer moving slow mikel
homunsystem, many back stories plot points involve mutilation murder abuse rape assault kind thats nice thing least
TammyToft6, coping mechanism else shut anxiety  others complain helps stress gang  ive dealing lot stress
MikeSinclair77, watching btcc season review depressed touring cars ages
Thalia_Nyx, doubt sexually abused sexualized front world form sexual abuse
Czaroline, really wanna stress one people really hard time old ego many best
The_Green_City, im depressed time
FrankCardenasM2, years abuse family longer used sir charles vivauvu always takes credit  addiction problem im weak stay clean alone 12 step people used cobra poison venom cause  abusive step dad left stopped abuse life appritation snyder morgan families
RepBost, folks addiction doesnt care race gender social class politics thats important
Kingofcondom1, king red ribbon means hope care support discussed stigma reducing strategies using  today interviewed condom distribution easy due stigma fear
GINO_NFLNBA, much love ramczyk wish ole man playing thursday abuse demarcus lawrence nee
XianJaneway, im mom kid eating disorder pediatric eating disorder rooted ocd gah thank
TQR317, majority times feel like ts depression mostly caused inconsiderate people  never spend money get rid stress best friend
jeanietini, ignorant moronpres trump family members turned salary take abuse
laurathetwitty, peep show ep mark working mexican restaurant trying juggle business meeting johnson gives anxiety
TheeOSU90s, dont want commit suicide game boy baker went
lane_rayne, us navy admiral scott stearney found dead apparent suicide cbs news something stinks
shelly2161, people michigan need demand end abuse investig  makes right ignore abuse child  gene therapy used limited ways trick ge  lead deep emotional depression hat worked
cicanshe, could use serious therapy right  move along jinja road need better drainage system cant stress enough
gminha5, watch video observe justifies nazi actions based twenty years postwwii trauma remember tha
alittleleader, definitely adhd thing fault weve reached point day meds wear  youre kind really general law student stress induced procrastination
JimmyCryptoBJ, many times say deal abuse pool owner lthn lol  anything blantant abuse pool thats left  need explain scammers play innocent moved away pool want let others know blantant abuse
Minenorin, dunno theyre supposedly quoting marilyn monroe supposedly bipolar violent mood sw
colleenkelly739, statement true clients attest depression wide su  depression result chemical imbalances reasons bit complex  eliminate damaging psychosis mental illnesses including addiction felt need cla
ChrisLangton10, youre one mocking child abuse  take personally people love getting ceaseless abuse street ive seen
Orokassu, buspirone really working anxiety finals week im relaxed enough actually study inst
