sorkorrrr,"['overcome', 'imposed', 'taking', 'effects', 'especially', 'years', 'yea', 'therapy']"
SchuckChad,"['carbon', 'brutal', 'tax', 'election', 'already', 'working', 'lets', 'call', 'end', 'suicide', 'us']"
gemmakytten,"['divorce', 'irreconcilable', 'differences', 'injuryno', 'testified', 'incident', 'refused', 'evidence', 'funny', 'cited', 'cite', 'police', 'saw', 'happened', 'domestic', 'wasnt', 'called', 'found', 'give', 'never', 'even', 'day', 'abuse']"
metoowhatnow,"['cptsd', 'csa', 'breaking', 'whomever', 'sufferers', 'yrs', 'began', 'journey', 'inspiration', 'instagram', 'shedding', 'wherever', 'intense', 'mixed', 'annual', 'squires', 'presented', 'regrets', 'freedom', 'childhood', 'thankful', '40', 'resource', 'loss', 'playlist', 'survival', '2016', 'great', 'appreciate', 'pastor', 'whenever', '25', 'recovery', '2nd', 'strength', 'survivor', 'christian', 'later', 'sharing', 'apparently', 'added', 'severe', 'account', 'important', 'single', 'national', 'video', 'glad', 'article', 'ago']"
SEOKJIN087,"['walmart', 'korean', 'radio', 'lmao', 'popular', 'artists', 'honey', 'several', 'walked', 'station', 'biggest', 'bands', 'homophobic', 'bts', 'intro', 'exo', 'america', 'theyve', 'playing', 'omg', 'heard', 'disgust', 'vote', 'theyre', 'literally', 'mma', 'boy', 'best', 'times', 'women', 'ive', 'people', 'one', 'im', 'abuse']"
daphneleeml,"['complaints', 'brushe', 'muting', 'unfollowing', 'solutions', 'upsetting', 'envious', 'harassment', 'avoid', 'abt', 'normal', 'poss', 'feeling', 'often', 'beat', 'kind', 'depressed', 'dont', 'abuse']"
AU4Humanity,"['domesticviolence', 'au4humanity', 'au4h', 'sexualabuse', 'sorrynotsorry', 'civillawsuit', 'filed', 'attorneygenerals', 'grandjury', 'sexabuse', 'romancatholicchurch', 'headed', 'patrickdati', 'sadanger', 'violence', 'awareness', 'priest', 'acro', 'survival', 'scandal', 'response', 'apparently', 'justice', 'hero', 'another', 'report', 'stories', 'church', 'truth', 'anger', 'side', 'sad', 'mentalhealth', 'sorry', 'rape', 'survivor', 'makes', 'round', 'many', 'real', 'anxiety', 'sex', 'people', 'child', 'abuse']"
AgentZakura,"['fascinating', 'curious', 'movie', 'seen', 'psychology', 'part', 'also']"
peachhpittt,"['jokes', 'aside', 'enjoying', 'single', 'really', 'depression', 'im']"
IAmLanaPearce,"['conversion', 'try', 'like', 'therapy', 'im']"
shiba_roll,"['chibicember', 'delay', 'uncle', 'commissions', 'major', 'passed', 'found', 'may', 'hit', 'depression', 'ive', 'th']"
maggielindemanv,"['blackpink', 'queens', 'kpop', 'kings', 'bts', 'coming', 'stan']"
CaileanLove,"['geniuses', 'violins', 'dogs', 'experts', 'field', 'human', 'play', 'psychology', 'look', 'like', 'us']"
dBabs19,"['vendors', 'detroits', 'cbd', 'vape', 'specific', 'works', 'number', 'morning', 'source', 'via', 'well', 'anxiety', 'get', 'depression', 'use']"
LadyWrites,"['kanye', 'tells', 'misdiagnosed', 'sleepdeprived', 'claims', 'west', 'trump', 'bipolar', 'disorder', 'hes', 'per', 'bu']"
magneticstarks,"['2k19', 'kylo', 'redeemed', 'hux', 'excused', 'reys', 'revolve', 'redeeming', 'besides', 'shouldnt', 'general', 'gets', 'isnt', 'support', 'around', 'lets', 'arc', 'goin', 'actual', 'someone', 'victim', 'ren', 'child', 'abuse', 'im']"
sabwtf,"['blessed', 'maybe', 'looking', 'moment', 'friends', 'enough', 'cant', 'social', 'things', 'life', 'stress', 'ok', 'depression']"
mallory_mae1733,"['college', 'debt', 'create', 'done', 'thing', 'anxiety']"
picklemedic22,"['robots', 'immune', 'destroying', 'continuing', 'ignore', 'along', 'done', 'abuse']"
joshkpoetry,"['cognitivebehavioral', 'code', 'bummed', 'diminish', 'benefit', 'friendly', 'reminder', 'cheat', 'clinical', 'difference', 'everyone', 'give', 'round', 'would', 'want', 'think', 'therapy', 'depression']"
Plourde_CJ,"['reduce', 'israel', 'thai', 'migrant', 'workers', 'save', 'lives', 'serious', 'world', 'keep', 'women', 'help', 'many', 'addiction', 'would', 'think', 'sexual', 'pre', 'abuse']"
RichertEmily,"['ulcer', 'inflammation', 'stomach', 'born', 'witnessed', '2nd', 'attempt', 'brother', 'due', 'level', 'father', 'fath', 'dog', 'kill', 'diagnosed', 'high', 'age', 'year', 'stress', 'abuse', 'th']"
girlnamedanne,"['sbc', 'guide', 'chapter', 'science', 'resources', 'options', 'releasing', 'preorder', 'survivors', 'together', 'churches', 'criminal', 'case', 'healing', 'update', 'subpoena', 'cooperate', 'enforcement', 'either', 'clarify', 'misstatement', 'ketamine', 'soft', 'wept', 'adas', 'office', '22', 'patreon', 'concerns', 'strongly', 'changing', 'washed', 'facei', 'realized', 'askhow', 'icymi', 'tarrant', 'sbcimb', 'employee', 'bullcrap', 'mere', 'successful', 'updates', 'markaderholt', 'cnsbrain', 'aampp', 'midterm', 'covered', 'panels', 'summits']"
FluffyEmmaPie,"['simply', 'face', 'physical', 'would', 'never', 'man', 'fa', 'men', 'abuse']"
Timon41575417,"['definitely', 'half', 'line', 'high', 'enough', 'cause', 'addiction', 'would', 'get', 'one']"
mandybulaz,"['afghans', 'cultural', 'whats', 'problem', 'see', 'real', 'child', 'abuse']"
judzlanimac,"['upif', 'growing', 'watched', 'spoke', 'life', 'amp', 'sh', 'abuse']"
FickleLuke,"['abusethat', 'modern', 'refs', 'liereading', 'vegas', 'nhl', 'names', 'brought', 'enjoy', 'joke', 'hope', 'wont', 'back', 'ptsd', 'day', 'abuse']"
Lark_Nest,"['doodle', 'depression']"
IvanDOesnot,"['implicit', 'werent', 'priests', 'feelbacks', 'explicit', 'reverse', 'meaning', 'seminarians', 'jk', 'however', 'ignored', 'sacrificed', 'retireme', 'foundations', 'girls', 'statement', 'boys', 'priest', 'becaus', 'horrifying', 'oreos', 'necessary', 'recently', 'thus', 'scandal', 'food', 'odds', 'survivors', 'hands', 'straight', 'gay', 'option', 'bishop', 'three', 'four', 'must', 'flashbacks', 'wheneve', 'given', 'showed', 'concern', 'silence', 'wouldnt', 'without', 'enjoy', 'improve', 'experienced', 'interview', 'forced', 'pay']"
RabiyahParker,"['conclusion', 'crippling', 'longest', 'tact', 'suffers', 'verge', 'silent', 'allowed', 'cannot', 'happy', 'moment', 'literally', 'isnt', 'speak', 'thought', 'die', 'mean', 'things', 'suffer', 'someone', 'depression', 'want', 'know', 'feel', 'anxiety', 'time', 'year', 'suicide', 'ever', 'ive']"
beckiepdx,"['needs', 'family', 'much', 'real', 'therapy']"
Capeters321,"['8lbs', 'adorable', 'treats', 'raise', 'hugs', 'understand', 'emotional', 'care', 'take', 'things', 'come', 'really', 'need', 'think', 'well', 'therapy', 'anxiety']"
xXYungHentaiXx,"['purely', 'platonic', 'somehow', 'managed', 'female', 'becaus', 'concert', 'flashbacks', 'giving', 'hanging', 'wow', 'shot', 'saying', 'happen', 'experience', 'friend', 'bts', 'good', 'like', 'ptsd', 'dont', 'get', 'anxiety']"
Khadre_tinmilk,"['nuh', 'andastan', 'fren', 'dem', 'joke', 'miss', 'stress', 'wi', 'get', 'mi']"
Juliet60098951,"['answer', 'shush', 'funds', 'wont', 'cover', 'wel', 'sexual', 'used', 'abuse']"
lopez_c34,"['obese', 'alerts', 'battle', 'disturb', 'hide', 'everyday', 'smile', 'trying', 'better', '20', 'health', 'depression', 'anxiety', 'im']"
DiscountManji,"['telling', 'imagine', 'imagi', 'supposed', 'comes', 'kill', 'seen', 'parents', 'dad', 'enough', 'victims', 'victim', 'abused', 'woul', 'years', 'know', 'ive', 'abuse']"
paultinay,"['protected', 'include', 'verbal', 'ban', 'doesnt', 'yes', 'physical', 'long', 'abuse']"
TheTalkingBoxes,"['strangers', 'awesomesuperdiary', 'asd', 'autismblog', 'autism', 'check', 'mentalhealth', 'talk']"
TNF_13,"['preventing', 'attraction', 'rich', 'pedophile', 'touching', 'pedophil', 'clearly', 'credentials', 'effing', 'desire', 'kids', 'thinks', 'website', 'failed', 'following', 'disgusting', 'children', 'wrote', 'shock', 'error', 'ridiculous', 'conversion', 'wants', 'jesus', 'valid', 'apparently', 'sexually', 'protect', 'logic', 'coming', 'sexual', 'prevent', 'literally', 'prove', 'psychology', 'show', 'yes', 'therapy', 'come', 'addiction', 'sex', 'hear', 'someone', 'much', 'oh', 'would', 'love', 'want', 'ways', 'used']"
imanireo,"['sophomores', 'promote', 'film', 'kinda', 'diagnosed', 'sad', 'victims', 'self', 'got', 'love', 'people', 'suicide', 'depression']"
aesthentences,"['poem', 'friendships', 'karma', 'staying', 'pseudoromantic', 'loops', 'futurelyrics', 'burden', 'honesty', 'spoken', 'poetry', 'regret', 'clean', 'finally', 'lived', 'silence', 'might', 'worth', 'days', 'addiction', 'love', 'old', 'anxiety']"
marisabcrane,"['wip', 'posted', 'havent', 'bc', 'like', 'one', 'abuse']"
Lukadowdric,"['spurs', 'fans', 'wins', 'rival', 'sundays', 'boring', 'glenroe', 'survivored', 'thfc', 'celebrate', 'onl', 'quite', 'deserve', 'credit', 'team', 'cure', 'guys', 'rte', 'needs', 'tomorrow', 'great', 'anti', 'back', 'today', 'get', 'time', 'dont', 'depression', 'go', 'abuse']"
M65553104,"['wow', 'overcoming', 'build', 'imagine', 'empathy', 'felt', 'gets', 'ppl', 'true', 'sad', 'sorry', 'youre', 'going', 'victims', 'others', 'survivor', 'thats', 'hard', 'read', 'trauma', 'eas', 'like', 'im', 'abuse']"
Russian_Bot99,"['trafficking', 'sprawling', 'connecticut', 'reveals', 'normalizes', 'minors', 'watchdog', 'storm', 'headquarters', 'charged', 'citizen', 'netflix', 'crimes', 'official', 'male', 'police', 'case', 'shame', 'says', 'group', 'catholic', 'truth', 'show', 'victims', 'new', 'sexual', 'sex', 'top', 'life', 'trauma', 'child', 'abuse']"
MsCGraves,"['34', 'feed', 'pointless', 'discourse', 'shera', 'overdiagnosed', 'diagnosing', 'hyper', 'explain', 'constants', 'shares', 'meme', 'random', 'adhd', 'difficult', 'group', 'means', 'past', 'keep', 'woman', 'childr', 'bts', 'always', 'much', 'someone', 'years', 'anxiety']"
birdy_top,"['drove', 'beach', 'stayed', 'hotel', 'yesterday', 'week', 'best', 'friend', 'really', 'depressed', 'ok', 'ive']"
AccessibleDan,"['happy', 'drastically', 'improved', 'accessi', 'reliving', 'linear', 'occuring', 'knowing', 'brings', 'isolated', 'improving', 'multiple', 'pure', 'games', 'cared', 'saved', 'everyday', 'continue', 'honestly', 'focus', 'sort', 'learn', 'path', 'everything', 'young', 'probably', 'always', 'open', 'something', 'world', 'sorry', 'family', 'deal', 'times', 'life', 'getting', 'makes', 'went', 'trauma', 'good', 'hear', 'really', 'today', 'ptsd', 'age', 'never', 'old', 'stress', 'know', 'thing']"
tiffany_annx3,"['hateeeeee', 'youuuuuuuuuu', 'itwell', 'espressos', 'whaticallabeautifullife', 'lurk', 'vs', 'okay', 'wanna', 'fucking', 'tweet', 'least', 'shit', 'may', 'addiction', 'alway', 'go', 'abuse']"
AliWonderHell,"['benzos', 'sparingly', 'carefully', 'monster', 'childpeg', 'missed', 'gad', 'disruptive', 'dysregulation', 'actuallyautistic', 'cryout', 'qualms', 'playground', 'becomes', 'advantage', 'stable', 'disclosing', 'quickest', 'drugged', 'totally', 'older', 'female', 'autistic', 'custody', 'scream', 'lose', 'repeat', 'diagnosis', 'mood', 'takes', 'legal', 'create', 'court', '10', 'place', 'lying', 'money', 'unde', 'trying', 'nothing', 'dv', 'abuser', 'using', 'adhd', 'bipolar', 'ptsd', 'disorder', 'diag', 'home', 'still']"
LBDXYZ,"['yep', 'kindle', 'library', 'expired', '82', 'twitter', 'shot', 'looked', 'committed', 'books', 'reading', '15', 'dad', 'yr', 'found', 'hed', 'addiction', 'old', 'son', 'suicide', 'wo']"
AuthorConfusion,"['christians', 'atheists', 'acquainted', 'experienced', 'bein', 'woman', 'youre', 'well', 'abuse']"
familiarlou,"['album', 'cannot', 'another', 'want', 'year', 'stress', 'go']"
SamYoung841,"['15000ayear', 'north', 'jail', 'london', 'facing', 'standard', 'evening', 'school', 'teacher', 'abuse']"
ITALJUVE1897,"['pjanic', 'midfield', '433', 'otherwise', 'play', 'suicide', 'man', 'la']"
ASoftBeagle,"['extra', 'bring', 'money', 'little', 'bts', 'want']"
NKABO,"['cousin', 'stepsister', 'vegan', 'brother', 'lost', 'mentalhealthmatters', 'telling', 'letstalk', 'society', 'sexually', 'happiness', 'members', 'peace', 'suicideprevention', 'caused', 'mentalillness', 'ptsdchat', 'generations', 'vegangains', 'endstigma', 'purelove', 'endthestigma', 'endwar', 'accident', 'denying', 'aggressive', 'departures', 'unsolved', 'circumstances', 'cares', 'assaults', 'watches', 'bachelorette', 'letitgo', 'imhere', 'releaseit', 'enemy', 'anguish', 'closed', 'doors', 'healall', 'dropping', 'parts', 'gwstorieseverywhere', 'clutter', 'tempted', 'alcoholism', 'staystrong', 'desensitized', 'family']"
EncoreTerrence,"['song', 'thosepeople', 'outside', 'harmed', 'baby', 'cold', 'dear', 'rape', 'one', 'abuse']"
shane41975,"['espn', 'espy', 'announced', 'nassar', 'wedne', 'honor', 'awards', 'spoke', 'victims', 'years', 'sexual', 'abuse']"
vol80,"['bike', 'trash', 'gave', 'left', 'dad', 'rain', 'years', 'abuse']"
AngieJayHuman,"['evangelicalintoenglish', 'careful', 'abusebeing', 'demon', 'entered', 'welltrained', 'sinful', 'handle', 'godliest', 'gossip', 'horrid', 'details', 'reconciliationabusers', 'atrocities', 'southern', 'ministry', 'breaks', 'baptist', 'emdr', 'unfortunately', 'youth', 'pastor', 'battling', 'childhood', 'response', 'shamed', 'perfect', 'passed', 'focus', 'happened', 'struggle', 'changes', 'told', 'report', 'almost', 'difference', 'away', 'lost', 'tried', 'pain', 'everything', 'making', 'heart', 'sorry', 'thank', 'life', 'others', 'getting', 'victims', 'went']"
igexiof,"['influence', 'mckayla', 'maroney', 'hormone', 'levels', 'likely', 'womans', 'questions', 'gymnastics', 'nassar', 'risk', 'alzheimers', 'exactly', 'speech', 'worth', 'case', 'says', 'since', 'first', 'abuse']"
IonaFarrell,"['memorial', 'changed', 'schtum', 'gonetoosoon', 'patients', 'dads', 'biting', 'todays', 'alzheimers', 'hospital', 'hitting', 'dad', 'passed', 'verbal', 'within', 'sometimes', 'miss', 'wha', 'bad', 'really', 'years', 'work', 'life', 'abuse']"
Salina_Harri,"['missionary', 'cedric', 'mccormick', 'multiple', 'pastor', 'allegations', 'church', 'deleted', 'screenshots', 'position', 'deacons', 'spiritually', 'emotionallythe', 'correction', '1800273talk', '8255', 'dothan', 'january', 'indicted', 'wesle', 'mesquite', '50year', 'myths', 'forever', 'exposed', 'teachers', 'affected', 'hotline', 'facing', 'trial', '14', 'william', 'baptist', 'accused', 'members', 'youth', 'charges', 'four', 'past', 'grand', 'jury', 'door', 'defend', 'physically', 'national', 'history', 'physical', 'possible', 'prevention', 'amp']"
mysterygirl19,"['painthis', 'chronic', 'improve', 'treatment', 'brain', 'pain', 'could', 'suffer', 'therapy']"
IResisters,"['rearing', 'faking', 'wok', 'indeed', 'empathy', 'proud', 'harass', 'nothing', 'women', 'child', 'man', 'abuse']"
LoriAnneThomps2,"['summative', 'wraps', 'tight', 'tidy', 'sentences', 'churchtoo', 'clerical', 'malfeasance', 'involving', 'singular', 'defining', 'eyeball', 'neglect', 'deconstruc', 'blue', 'dreamt', 'dearabusesurivivor', 'accomidation', 'lunch', 'happens', 'husband', 'informed', 'waking', 'roland', 'summit', 'lived', 'cold', 'clear', 'tears', 'sure', 'response', 'heard', 'whole', 'spiritual', 'academic', 'syndrome', 'metoo', 'watched', 'trigger', 'norm', 'term', 'statement', 'deep', 'break', 'two', 'sometimes', 'article', 'money', 'longer', 'ident']"
CarBombBoom13,"['name', 'speaking', 'appreciate', 'dui', 'introduced', 'program', 'danny', 'extent', 'robert', 'gherson', 'noticed', 'hometown', 'dave', 'pszenyczny', 'ryan', 'munce', 'amodeo', 'vulnerably', 'weakness', 'immense', 'withheld', 'risks', 'concussions', 'repetitive', 'teammates', 'hazing', 'david', 'condescending', 'remark', 'stones', 'unblock', 'discredit', 'button', 'tools', 'abuseofpower', 'sicknotweak', 'remember', 'perspective', 'nhl', 'substance', 'knowing', 'record', 'participated', 'names', 'shared', 'continued', 'struggles', 'charles', 'failed', 'block']"
QeyeTDogbytes,"['manipulator', 'manipulatio', 'manipulate', 'choice', 'makes', 'victim', 'abuse']"
aspals,"['carneys', 'prophecies', 'doom', 'markets', 'buoyant', 'englands', 'forecast', 'british', 'fooled', 'remainers', 'second', 'tactics', 'politically', 'authorities', 'grooming', 'bank', 'tests', 'interesting', 'degenerate', 'rapists', 'behind', 'vote', 'society', 'correct', 'mark', 'article', 'psychology', 'treat', 'victims', 'stress', 'child', 'ec', 'abuse']"
sharon_webbie,"['protects', 'allowing', 'identify', 'address', 'huge', 'far', 'stage', 'law', 'ppl', 'childhood', 'able', 'going', 'talk', 'trauma', 'go', 'abuse']"
quatoria,"['suburbs', 'grounds', 'monstrosity', 'horror', 'breeding', 'alienation', 'burn', 'dow', 'yeah', 'abuse']"
tattedfurmama,"['separation', 'drinking', 'junk', 'unnecessary', 'coffee', 'food', 'drink', 'water', 'maybe', 'alone', 'hours', 'pop', 'mine', 'release', 'eating', 'home', 'amp', 'stop', 'much', 'well', 'stress', 'know', 'anxiety', 'li']"
ikondave,"['taken', 'passag', 'seriously', 'jesus', 'huge', 'knows', 'almost', 'rite', 'everyone', 'making', 'fan', 'something', 'family', 'children', 'didnt', 'suffer', 'talk', 'say', 'suicide', 'like', 'child', 'abuse']"
Trumpsgirl2020,"['shingles', 'sign', 'ca', 'abuse']"
MiaJFletcher,"['subjected', 'harder', 'vibrations', 'horrific', 'timed', 'raising', 'children', 'abuse']"
SpreadJessy,"['publicly', 'scapegoat', 'unload', 'onto', 'quirky', 'drag', 'difficult', 'lives', 'lets', 'cause', 'social', 'look', 'need', 'stress', 'anxiety', 'em']"
Paigedahls,"['nutrition', 'map', 'poor', 'statement', 'chronic', 'girl', 'wont', 'deal', 'lot', 'live', 'still', 'like', 'would', 'think', 'see', 'stress', 'real', 'people', 'anxiety', 'ever', 'go', 'one']"
IawrencIy,"['wanna', 'sleep', 'love', 'time', 'depression']"
mami_stackkz,"['gonna', 'around', 'thought', 'sit', 'hit', 'let', 'every', 'time', 'abuse']"
jkhgovols,"['picking', 'capable', 'gender', 'birth', 'different', 'old', 'year', 'child', 'one', 'abuse']"
drdebodun,"['ehnffk', 'exhibiting', 'symptoms', 'reflective', 'underlying', 'affective', 'aggravated', 'harrrrd', 'terminal', '2019', 'lighting', 'fighting', 'election', 'might', 'guy', 'post', 'hope', 'wont', 'bipolar', 'disorder', 'depression', 'go', 'im']"
RoadToThrone,"['amber', 'tasya', 'alot', 'admitting', 'admitted', 'defending', 'plus', 'controls', 'doctor', 'relax', 'accused', 'johnny', '2016', '2009', 'abusing', 'illusion', 'depp', 'witnessed', 'innocent', 'worst', 'hate', 'related', 'later', 'claim', 'god', 'especially', 'court', 'weird', 'defend', 'odd', 'told', 'already', 'months', 'understand', 'social', 'learn', 'couple', 'ago', 'yeah', 'wish', 'sick', 'abuser', 'speak', 'abused', 'believe', 'world', 'anyo', 'actually', 'tell', 'domestic']"
CDarieal,"['copay', '10', 'tomorrow', 'befeel', 'impossible', 'appreciated', 'bucks', 'spare', 'venmo', 'cdarieal', 'supportworshipdenial', 'fired', 'thursday', 'afford', 'usually', 'section', 'todays', 'grateful', 'abusive', 'instead', 'small', 'looking', 'families', 'suicidal', 'yesterday', 'pay', 'speaking', 'first', '80', 'asking', 'couple', 'feeling', 'tried', 'therapy', 'rts', 'shit', 'anyone', 'bro', 'able', 'going', 'cant', 'care', 'things', 'take', 'start', 'time', 'wit', 'back', 'owe', 'health']"
Stop_Stigma,"['rather', 'chocolate', 'suicidal', 'session', 'thru', 'justification', 'cravings', 'addictions', 'withdrawal', 'officially', 'bought', 'workbooks', 'notebook', 'notes', 'basement', 'couch', 'antimed', 'suicideawareness', 'habit', 'antianxieg', 'antidepressants', 'weighing', 'suicides', 'bunch', 'hallucinations', 'regular', 'bipolar', 'lol', 'eating', 'everything', 'tough', 'opinion', 'knew', 'extreme', 'sleep', 'calm', 'lack', 'whole', 'suicideprevention', 'huge', 'realize', 'gets', 'follow', 'last', 'wasnt', 'reading', 'books', 'within', 'committed', 'makes']"
dahhgumhum,"['couple', 'shes', 'going', 'therapy']"
AliMustafa4143,"['agression', 'constants', 'potty', 'session', 'ka', 'life', 'depression']"
michelleX2plus,"['mylife', 'monkey', '59', 'sensible', 'outfit', 'thanksgiving', 'token', 'chiari', 'chronicillness', 'lunch', 'tuesday', 'doctors', 'occupational', 'thankful', 'via', 'finished', 'looks', '60', 'hair', 'physical', 'thanks', 'mentalillness', '13', 'find', 'therapist', 'therapy', 'meds', 'another', 'first', 'well', 'like', 'way', 'day', 'depression', 'one']"
donmarie2018,"['cake', 'dollar', 'unprotected', 'dinner', 'fraud', 'stolen', 'million', 'lone', 'helped', 'wed', 'got', 'victim', 'love', 'abuse', 'us']"
S_Harudzibwi,"['hanzi', 'totadza', 'neyi', 'kutora', 'vachi', 'zvema', 'driver', 'actions', 'suicidal', 'yet', 'ivo', 'even', 'suicide']"
LetsTalkTrauma,"['playlist', 'added', 'video', 'confronting', 'closure', 'six', 'midst', 'anthony', 'bourdain', 'triggers', 'paige', 'vanzant', 'via', 'simple', 'finding', 'survivors', 'changes', 'survive', 'worst', 'valid', 'rise', 'helped', 'sincere', 'tips', 'fellow', 'youtubers', 'signs', 'podcast', 'intimacy', 'hardive', 'nowhusband', 'managing', 'flight', 'reactions', 'definition', 'dayhere', 'faith', 'intersect', 'processing', 'healthor', 'inward', 'mae', 'tuesdays', 'workplace', 'validregardless', 'media', 'selfblame', 'wrong', 'coming', 'dealing']"
juIiettelove,"['journal', 'written', 'already', 'bc', 'started', 'night', 'last', 'lot', 'new', 'makes', 'much', 'anxiety', 'ive', 'im']"
limoncelleo,"['institutional', 'racism', 'confronting', 'homopho', 'felt', 'thats', 'trauma', 'like']"
hellaton,"['noncasual', 'studied', 'identity', 'development', 'academic', 'person', 'psychology', 'actually', 'mean', 'like']"
Julaybib,"['brink', 'desperation', 'hastings', 'huddersfield', 'benefit', 'trial', '30', 'changes', 'girls', 'young', 'face', 'another', 'sex', 'suicide', 'abuse']"
Mekonnen_P,"['heated', 'made', 'wrong', 'question', 'woman', 'things', 'got', 'abuse']"
savagexrebel,"['blind', 'spots', 'drivesafe', 'safetyfirst', 'concertgoer', 'ruthless', 'heartl', 'useless', 'bear', 'shift', 'miserable', 'consumes', 'fall', 'deeper', 'positive', 'outcome', 'wanna', 'except', 'relentless', 'allowed', 'three', 'cannot', 'check', 'growing', 'wouldnt', 'focus', 'cant', 'always', 'wasnt', 'depressed', 'bc', 'yeah', 'chronic', 'hour', 'thats', 'yall', 'isnt', 'gonna', 'since', 'enough', 'thought', 'going', 'work', 'see', 'even', 'depression', 'dont', 'stress', 'therapy', 'go']"
Meeeeeeeemnm,"['condone', 'ruin', 'false', 'hitting', 'mans', 'woman', 'lies', 'rape', 'never', 'life', 'abuse']"
Jess_Smitty_101,"['legitimately', 'guzzle', 'organize', 'prepare', 'bull', 'gonna', 'another', 'red', 'stress', 'day']"
WarriorGoddessX,"['type', 'enquiry', 'voices', 'grenfell', 'inquiry', 'weary', 'racialise', 'exploitation', 'openly', 'ignoring', 'powerful', 'focusing', 'modus', 'profane', 'language', 'relieve', 'lalochezia', 'yet', 'participated', 'white', 'perpetrator', 'adults', 'duty', 'platform', 'concern', 'given', 'blame', 'common', 'called', '12', 'issue', 'using', 'children', 'survivor', 'child', 'abused', 'amp', 'stress', 'one', 'men', 'abuse']"
thepyre,"['mentalhealthmatters', 'mentalhealthawareness']"
capitolhilldc1,"['afib', 'teh', 'responded', 'antiblack', 'address', 'platform', 'wif', 'election', 'worked', 'working', 'meds', 'friends', 'since', 'told', 'hard', 'back', 'amp', 'get', 'anxiety', 'ive', 'go', 'abuse']"
strawberybIond,"['tcheek', 'syndrome', 'stand', 'bts']"
AshmanNews,"['cocaine', 'drugs', 'laughing', 'made', 'force', 'saying', 'dont', 'child', 'ur', 'abuse']"
ArmyMike,"['minds', 'hollyw', 'laughing', 'disease', 'whats', 'next', 'amazing', 'harassment', 'horrible', 'lost', 'ban', 'sexual', 'people', 'depression', 'abuse']"
fuckfr4nkie,"['cheers', 'eyes', 'snitch', 'homies', 'incredibly', 'peace', 'alone', 'crying', 'trying', 'hate', 'reason', 'enough', 'thought', 'depressed', 'feel', 'red', 'like', 'depression', 'ive', 'go', 'im']"
AkumaKetsueki,"['cried', 'shrink', 'genuinely', 'damn', 'phone', 'concert', 'extreme', 'animals', 'smile', 'morning', 'havent', 'sister', 'early', 'bts', 'pretty', 'mother', 'sure', 'talking', 'would', 'getting', 'social', 'went', 'things', 'years', 'make', 'depressed', 'way', 'anxiety', 'im']"
ImC0ld,"['waiting', 'opposite', 'filled', 'exact', '13', 'good', 'always', 'years', 'feel', 'stress', 'day', 'im']"
stuffhedoes,"['romanticized', 'novels', 'salt', 'dangerous', 'absolutely', 'knows', 'teacher', 'worth', 'even', 'suicide']"
Shannon_T_Green,"['custody', 'failure', 'likely', 'courts', 'alleged', 'remarried', 'youi', 'violations', 'believed', '3x', '2005', '2015', 'nationwide', 'cases', 'documented', 'protective', 'statistically', 'metoos', 'messagei', 'youapplies', 'equally', 'presidential', 'task', 'twice', 'contest', 'barbara', 'decisions', 'substantiated', 'committing', 'pennsylvania', 'senates', 'offer', 'remedy', 'disgrace', 'editorials', 'penises', 'court', 'wonderful', 'carries', 'pattern', 'battered', 'discr', '45', 'mothers', 'grief', 'fathers', 'domesticviolence', 'surprise', 'allegations', 'gain']"
AlisonsDeppArmy,"['hiding', 'epilepsy', 'gone', 'unfortunately', 'havent', 'bipolar', 'bad', 'things', 'away', 'feeling', 'wont', 'good', 'think', 'well', 'go']"
MinaToastool,['anxiety']
DvineExpression,"['disrespectful', 'authority', 'harassment', 'asking', 'mess', 'question', 'stop', 'abuse']"
btskizpop,"['active', 'armys', 'arsd', 'boost', 'tagging', 'spooky', 'armyseicaday', 'jins', 'birthday', 'amount', 'tweets', 'giving', 'wouldnt', 'bts', 'little', 'late', 'good', 'arent', 'never', 'thing', 'get']"
sugarbat__,"['grandad', 'griefa', 'smells', 'awake', '9am', 'idk', 'nala', 'lately', 'hoe', 'mum', 'yeet', 'badly', 'memories', 'specific', 'job', 'rather', 'buddies', 'cause', 'dying', 'locked', 'flashbacks', 'keeping', 'thanks', 'room', 'male', 'bpd', 'died', 'might', 'doctor', 'tomorrow', 'ptsd', 'hope', 'shes', 'diagnosed', 'miss', 'lets', 'family', 'first', 'die', 'told', 'getting', 'new', 'makes', 'see', 'member', 'didnt', 'hard', 'year', 'cat', 'would']"
lungile_nyathi,"['solomon', 'skuza', 'umakhumalo', 'hayi', 'whos', 'crying', 'mean', 'ah', 'child', 'tim', 'one', 'abuse']"
hockeyjss98,"['modi', 'nothing', 'clear', 'repeat', 'pm', 'trying', 'lets', 'getting', 'things', 'make', 'thing', 'abuse']"
Dorksword,"['decides', 'clarification', 'numerous', 'mockery', 'military', 'stated', 'proved', 'guy', 'serve', 'something', 'ptsd', 'tell', 'times', 'women', 'though', 'victim', 'abused', 'really', 'years', 'even', 'dont', 'people', 'child', 'man', 'im', 'abuse']"
starchytragedy,"['regularly', 'touched', 'inppropriately', 'experiencing', 'asked', 'hugs', 'respect', 'sign', 'friends', 'poin', 'anyone', 'want', 'still', 'trauma', 'know', 'depression', 'ing']"
harrydaniyan,"['lagos', 'pipu', 'capacity', 'legendary', 'traffic', 'lol', 'dont', 'stress', 'know', 'ho']"
Passionistaa,"['individually', 'degree', 'comparison', 'realize', 'matter', 'woman', 'cant', 'didnt', 'abused', 'ok', 'abuse']"
ActCarers,"['prisons', 'reported', 'rates', 'mh', 'patient', 'water', 'prescibe', 'attitude', 'speaks', 'highest', 'impliments', 'paying', 'price', 'reporting', 'pual', 'gilluley', 'howard', 'centre', 'patronising', 'twaddle', 'enable', 'seclusion', 'flushing', 'toilet', 'nurses', 'memeber', 'cqc', 'outed', 'developed', 'addisons', 'income', 'guine', 'repeatedly', 'antithesis', 'restrictive', 'environment', 'movecosting', 'units', 'killed', 'homocide', '1520', 'safer', 'remove', 'drink', 'cost', 'medical', 'kept', 'deemed', 'money', 'paid']"
LeftwingPoet,"['mistake', 'prostitution', 'pretends', 'homes', 'dolls', 'happens', 'otherwise', 'passed', 'children', 'law', 'anyone', 'around', 'others', 'care', 'oh', 'son', 'sex', 'like', 'know', 'abuse', 'use', 'de']"
GrannyPi,"['servicemen', 'busted', 'horrific', 'wide', 'glad', 'open', 'abuse']"
LadyLoveLDN,"['products', 'milk', 'legally', 'inhuma', 'uk', 'cow', 'seen', 'abuse']"
GinaDaviesP51,"['mandatory', 'training', 'coercive', 'financ', 'conditioned', 'includes', 'bill', 'wife', 'youve', 'affected', 'domestic', 'depp', 'realise', 'starts', 'morning', 'known', 'become', 'partner', 'control', 'leave', 'incl', 'agree', 'please', 'violence', 'tried', 'often', 'women', 'new', 'went', 'well', 'years', 'talk', 'say', 'amp', 'even', 'sexual', 'used', 'dont', 'men', 'da', 'abuse']"
DiStefano1410,"['party', 'democracy', 'chance', 'correct', 'power', 'may', 'every', 'amp', 'abuse']"
LauraJade_11,"['700000', 'effected', 'parental', 'fathers4justice', 'f4j', 'equalrights', 'humanrights', 'parentalalienation', 'suicides', '75', 'card', 'alienation', 'domestic', 'last', 'yes', 'times', 'said', 'wer', 'pas', 'many', 'year', 'oh', 'even', 'used', 'know', 'child', 'men', 'abuse', 'hi']"
afullerauthor,"['rewire', 'narcissistic', 'alot', 'esteem', 'invalidation', 'cbt', 'parenting', 'potential', 'survivorthriver', 'fiction', 'style', 'scientifically', 'proven', 'wednesdaywisdom', 'emdr', 'adults', 'walk', 'earth', 'younger', 'based', 'problems', 'impact', 'huge', 'write', 'cannot', 'history', 'etc', 'self', 'strong', 'non', 'comes', 'brain', 'idea', 'turn', 'childhood', 'reason', 'said', 'thank', 'book', 'low', 'experience', 'many', 'thats', 'suffer', 'start', 'trauma', 'parent', 'much', 'health', 'victim']"
MagombedzeTracy,"['thot', 'oversleepingsad', 'kkkkk', 'bva', 'nyaya', 'yacho', 'ichapa', 'kune', 'vazwaisu', 'yedu', 'peace', 'joy', 'find', 'mind', 'self', 'depressed', 'stress', 'im']"
LiluWheeler,"['intrusive', 'relational', 'factors', 'posh', 'hearing', 'therapists', 'forget', 'increase', 'london', 'thoughts', 'cultural', 'professionals', 'diagnosis', 'ocd', 'diss', 'otherwise', 'raising', 'supposed', 'account', 'awareness', 'question', 'stigma', 'makes', 'social', 'take', 'many', 'think', 'also', 'dont', 'therapy']"
aliceness,"['rude', 'unsupportive', 'rubbish', 'bath', 'wellbeing', 'write', 'anything', 'turned', 'rest', 'came', 'lig', 'shit', 'night', 'mind', 'give', 'last', 'home', 'didnt', 'never', 'depressed', 'time', 'dont', 'people', 'day']"
MOyebodeTeacher,"['punished', 'students', 'racial', 'often', 'victim', 'feel', 'like', 'abuse']"
PhilMitchell83,"['boyscse', 'route', 'deliver', 'keynote', 'yorkshire', 'clients', 'south', 'speech', 'cse', 'looker', 'kent', 'appalled', 'assessments', 'usefu', 'hidden', 'massive', 'safeguarding', 'hearing', 'crowd', 'conference', 'strategies', 'attended', 'presentation', 'experience', 'wanted', 'looking', 'forward', 'sharing', 'coping', 'worked', 'professional', 'said', 'wasnt', 'boys', 'share', 'shes', 'great', 'problem', 'amp', 'boy', 'rape', 'actual', 'many', 'health', 'today', 'well', 'anxiety', 'ive', 'men', 'one']"
joelogue2,"['asinine', 'correlation', 'simply', 'making', 'think', 'abuse']"
giggsy1313,"['donald', 'footballs', 'coming', 'home', 'dont', 'stress']"
NarbeyClaire,"['negativity', 'inspection', 'awww', 'levels', 'teachers', 'roof', 'knows', 'pull', 'everyone', 'cover', 'enough', 'many', 'life', 'time', 'stress', 'depression', 'ive', 'go', 'li', 'al']"
truce_djh,"['wedding', 'cue', 'indirect', 'afterwards', 'sksjsksks', 'missing', 'stupid', 'nine', 'school', 'next', 'joy', 'fucking', 'wont', 'week', 'first', 'bad', 'year', 'oh', 'someone', 'really', 'want', 'feel', 'anxiety', 'people', 'get', 'id', 'im']"
MissyFeelGood,"['ocd', 'enthral', 'fulfilment', 'addictive', 'natures', 'ironing', 'fetish', 'postnataldepression', 'umbrella', 'lurks', 'unresolved', 'imo', 'happiness', 'highly', 'dramatic', 'drama', 'sadly', 'beg', 'near', 'seem', 'issues', 'behind', 'wonder', 'may', 'yet', 'develop', 'asking', 'person', 'lives', 'little', 'amp', 'true', 'believe', 'mentalhealth', 'another', 'cant', 'deal', 'women', 'mea', 'many', 'suffer', 'stop', 'someone', 'stress', 'love', 'people', 'every', 'trauma', 'way', 'one']"
fairamy,"['ravens', 'backstory', 'assorted', 'scored', 'halftime', 'hold', 'damn', 'shut', 'later', 'near', 'verb', '13', 'pts', 'gonna', 'youre', 'got', 'abused', 'need', 'years', 'life', 'sex', 'child', 'abuse', 'us']"
ukpapers,"['cabinet', 'serial', 'ageing', 'overlooked', 'agencies', '235000', 'elderly', 'lifetime', 'future', 'alone', 'danger', 'gave', 'trump', 'find', 'deal', 'victims', 'member', 'sex', 'abuse']"
mohdtalha,"['madam', 'eagerness', 'somebody', 'attempt', 'defend', 'started', 'great', 'writ', 'able', 'even', 'didnt', 'amp', 'anxiety', 'abuse']"
LisaBarri,"['oddly', 'aquino', 'micheal', 'military', 'shared', 'watched', 'video', 'yesterday', 'within', 'child', 'abuse']"
granpapan,"['japan', 'flames', 'hatred', 'separated', 'recognized', 'control', 'mother', 'fan', 'mind', 'parent', 'child', 'abuse']"
MickyMarie_,"['damaged', 'atlas', 'psilocybin', 'granted', 'breakthrough', 'fda', 'psychedelic', 'status', 'adult', 'never', 'new', 'survivor', 'self', 'mean', 'hit', 'therapy', 'amp', 'child', 'depression', 'im', 'abuse']"
Caruto85,"['trust', 'comes', 'anyone', 'dont', 'therapy']"
doaavi,"['broken', 'shapes', 'sizes', 'offenders', 'adulthood', 'pinpoint', 'truely', 'warned', 'filter', 'different', 'horrible', 'painful', 'young', 'pretend', 'doubt', 'guilt', 'starts', 'equ', 'situ', 'came', 'perfect', 'blame', 'caused', 'anything', 'especially', 'mock', 'moment', 'early', 'understand', 'honestl', 'fault', 'hard', 'still', 'started', 'away', 'safe', 'longer', 'tried', 'constant', 'better', 'childhood', 'world', 'anyone', 'kind', 'think', 'tell', 'mental', 'home', 'youre', 'less']"
SMLaraba,"['documenting', 'nigeria', 'wager', 'theyve', 'gone', 'couple', 'anyone', 'last', 'rate', 'years', 'suicide', 'id']"
ourchildhood,"['commandment', 'sticking', 'illusion', 'honor', 'loved', 'parents', 'become', 'goal', 'longterm', 'minutes', 'dare', 'interested', 'experiences', 'disciplining', 'hisher', 'machtsuitoefening', 'volwassene', 'maar', 'zijn', 'gevoelens', 'moet', 'onderdrukk', 'feelings', 'tragedy', 'direction', 'kind', 'het', 'preve', 'prev', 'emotionally', 'severe', 'trigg', 'possible', 'made', 'means', 'rid', 'seen', 'van', 'honest', 'came', 'open', 'ware', 'een', 'children', 'may', 'many', 'every', 'feel', 'even', 'depression']"
treetopteresa,"['gaga', 'fibromyalgia', 'lady', 'shares', 'five', 'whenever', 'girls', 'illness', 'better', 'live', 'look', 'mental', 'depressed', 'feel', 'trauma', 'like', 'get']"
akash13127,"['aukat', 'middle', 'kiya', 'finger', 'kisi', 'baap', 'bcoz', 'kisko', 'kis', 'yaar', 'dikhaya', 'etc', 'nahi', 'surbhirana', 'provoking', 'nature', 'lady', 'surbhi', 'ko', 'calling', 'aur', 'abt', 'showed', 'hai', 'said', 'psycho', 'ka', 'also', 'tha', 'ki', 'abuse']"
CiaraChambers,"['wondering', 'szn', 'extra', 'finals', 'case', 'anyone', 'high', 'anxiety']"
ThatboiCark,"['beaten', 'talent', 'dogs', 'draw', 'jump', 'rope', 'sadly', 'instead', 'forced', 'mess', 'theyre', 'feeling', 'didnt', 'read', 'abused', 'want', 'get', 'abuse']"
SamStewartAU,"['keeps', 'moving', 'truly', 'forward', 'free', 'money', 'reason', 'also', 'depression', 'us']"
meredita_louise,"['17000', 'practice', 'kimlittle', 'vicparentstoday', 'important', 'collective', 'manifests', 'psychedelic', 'informed', 'stolen', 'generation', 'incredibly', 'brilliant', 'presentation', 'issues', 'families', 'proud', 'resea', 'members', 'chronic', 'support', 'experience', 'trauma', 'health', 'nat', 'need', 'talk', 'therapy']"
CricFan07,"['kia', 'krtay', 'ghalti', 'celebrity', 'unfollow', 'nahi', 'interesting', 'tweets', 'meri', 'hai', 'mention', 'ko', 'bad', 'thi', 'abuse']"
spacexmckitty,"['magnum', 'loss', 'attacking', 'sounds', 'qanon', 'chester', 'makechesterproud', 'abou', 'warning', 'unlexs', 'joking', 'testimony', 'disturbing', 'content', 'blaming', 'brothers', 'pedo', 'piss', 'spoiler', 'alert', 'seriously', 'rings', 'posted', 'looks', 'episode', 'four', 'cope', 'former', 'blog', 'murder', 'student', 'fake', 'proud', 'whos', 'brother', 'died', 'joke', 'offi', 'survivors', 'agree', 'tw', 'death', 'nm', 'sure', 'suicide', 'something', 'believe', 'like', 'survivor', 'thats']"
MaureenHogan51,"['oreos', 'glass', 'insomnia', 'related', 'probably', 'think', 'get', 'anxiety', 'ate']"
thatkidx01,"['unavailable', 'escape', 'growing', 'emotionally', 'writing', 'started', 'drug', 'mother', 'addiction', 'life']"
MeloettaChan,"['easily', 'angered', 'uneducated', 'prick', 'guess', 'issues', 'reasons', 'difference', 'anger', 'could', 'ptsd', 'others', 'would', 'call', 'say']"
Lion4life16,"['jerry', 'sandusky', 'firmly', 'pardoned', 'governor', 'counts', 'stipulat', 'personality', '45', 'victims', 'part', 'diagnosed', 'anti', 'believe', 'children', 'social', 'didnt', 'thats', 'want', 'ptsd', 'call', 'neve', 'sexual', 'dont', 'abuse']"
KaylaRosenZines,"['grocery', 'shopping', 'fewer', 'fruit', 'audible', 'advertising', 'holocaust', 'intergenerational', 'andthis', 'types', 'fresh', 'bpd', 'books', 'came', 'home', 'went', 'right', 'today', 'trauma', 'therapy']"
Rayne51252179,"['scared', 'hahahahahhah', 'gotten', 'everyday', 'honestly', 'worse', 'horrible', 'point', 'getting', 'depression', 'anxiety', 'im']"
pebbleys,"['vague', 'adoras', 'catras', '11yo', 'couldve', 'adora', 'anyw', 'anything', 'abt', 'fault', 'yall', 'done', 'like', 'act', 'abuse']"
stk_invst,"['imho', 'schizophrenia', 'therefore', 'unfit', 'senator', 'suffers', 'though', 'dr']"
LadyMhere4u,"['depressionisreal', 'bleed', 'wounds', 'youve', 'mentally', 'symptom', 'bipolar', 'physically', 'empath', 'told', 'protect', 'sexually', 'least', 'true', 'heart', 'mentalhealth', 'still', 'abused', 'old', 'end', 'one']"
JLynnDuffy,"['associating', 'weird', 'theres', 'stigma', 'yes', 'also', 'ugh']"
SirInariSensei,"['wala', 'smirk', 'palunga', 'saba', 'kaayo', 'nay', 'pbb', 'mama', 'nya', 'lami', 'tv', 'stigma', 'real', 'art', 'na', 'si']"
OfficallyEmz,"['surround', 'disgusting', 'unne', 'taking', 'twitter', 'ridiculous', 'fact', 'especially', 'break', 'bring', 'sent', 'shes', 'fun', 'everything', 'wrong', 'making', 'best', 'bad', 'got', 'anxiety', 'stress']"
OT7_FanBoy,"['mma2018', 'glo', 'taehyung', 'taehyungs', 'jungkooks', 'fucking', 'bts', 'cute', 'beautiful', 'hair', 'bitch', 'award', 'bts2000days', 'namjoons', 'namjoon', 'lmaoo', 'dancing', 'jimins', 'proud', 'boys', 'jins', 'kings', 'kinda', 'school', 'amazing', 'tired', 'leader', 'stunning', 'passionately', 'vimin', 'jikook', 'taekook', 'taekookmin', 'screaminggggg', 'screaming', 'mystery', 'masks', 'cloaks', 'gorgeous', 'overcame', 'bangtan', 'hardly', 'darkest', 'blinked', 'humblet', 'omfg', 'shy', 'cutest', 'yoongi', 'hoseok']"
jehankanga,"['resignation', 'acute', 'affecting', 'dozens', 'syndrome', 'stage', 'serious', 'children', 'trauma', 'end']"
Lala_Lamp,"['hortons', 'cures', 'profiting', 'cookie', 'plug', 'aux', 'pharmaceutical', 'spring', 'halloween', 'candy', 'problematic', 'title', 'unrealistic', 'reasons', 'vape', 'antidepressant', 'suing', 'company', 'usually', 'blaming', 'finding', 'taking', 'seasonal', 'cand', 'problem', 'smile', 'cord', 'hours', '13', '12', 'illness', 'tried', 'kill', 'isnt', 'around', 'mental', 'depressed', 'first', 'still', 'addiction', 'health', 'need', 'say', 'suicide', 'feel', 'even', 'time', 'depression', 'tim', 'one']"
Katie_Mitchish,"['dissertation', 'upb', 'standing', 'blessed', 'born', 'beautiful', 'constantly', 'effects', 'along', 'writing', 'living', 'literally', 'idea', 'side', 'another', 'bts', 'trauma', 'feel', 'child', 'men', 'one']"
chinkyjeno,"['exotic', 'dancers', 'annoying', 'lmao', 'stigma', 'around', 'work', 'sex']"
theglue29,"['tangential', 'endured', 'named', 'willing', 'honestly', 'bet', 'kid', 'could', 'happen', 'ask', 'talk', 'tho', 'dont', 'child', 'id', 'abuse']"
NeolithicSheep,"['whereas', 'herd', 'goats', 'browse', 'resistant', 'leftist', 'patient', 'avoid', 'along', 'chronic', 'treatment', 'pain', 'take', 'stress', 'depression', 'im']"
heyheycasey,"['hits', 'nail', 'surprised', 'moderately', 'medication', 'helps', 'head', 'part', 'right', 'well', 'even', 'stress', 'ill']"
DaJewelleryBox,"['maam', 'tbh', 'thinking', 'lol', 'idea', 'trying', 'high', 'today', 'anxiety']"
ninjahschool,"['infants', 'suppressedwe', 'deals', 'racket', 'steal', 'invalidate', 'inflicted', 'certain', 'cultural', 'learning', 'wanted', 'animals', 'whole', 'peoples', 'stories', 'tend', 'sick', 'making', 'world', 'mind', 'amp', 'stop', 'much', 'also', 'dont', 'real', 'know', 'people', 'yo', 'abuse', 'use']"
noah_baumgarten,"['committed', 'article', 'apparent', 'found', 'woman', 'cause', 'really', 'suicide']"
LakerSteve,"['ground', 'suffering', 'already', 'shes', 'speak', 'head', 'youre', 'good', 'part', 'sexual', 'trauma', 'abuse']"
XStream237,"['14', 'witnessed', 'personal', 'death', 'family', 'though', 'much', 'age', 'life', 'even', 'suicide']"
Kander5on,"['return', 'freshers', 'teq', 'annoying', 'mates', 'shot', 'cant', 'stress', 'get']"
PianoSonority,"['direction', 'gay', 'date', 'tomorrow', 'hannah', 'obviously', 'aaaaaaaaaaaaaaaaaaaaaaaa', 'conversion', 'youre', 'ball', 'ah', 'wrong', 'lot', 'fuck', 'person', 'social', 'good', 'see', 'anxiety', 'therapy', 'im']"
shashanj60,"['sick', 'child', 'abuse']"
webgirlfriend,"['skipping', 'deadlines', 'deposit', 'crack', 'opene', 'hormone', 'academic', 'done', 'less', 'stress', 'therapy', 'im']"
animeoutsiders,"['data', 'tldr', 'higher', 'japan', 'rates', 'crime', 'general', 'heres', 'sex', 'child', 'abuse']"
Cogadh_Ghrian,"['altar', 'doj', 'investigation', 'cardinal', 'dolan', 'kgb', 'bella', 'dodds', '1980s', 'communist', 'russia', 'demorali', 'begging', 'forgiveness', 'running', 'orthodox', 'supernatural', 'begins', 'clergy', 'stain', 'souls', 'apocalypse', 'natural', 'disasters', 'revolving', 'opiate', 'boy', 'sense', 'bill', 'continued', 'punished', 'cnn', 'hardest', 'church', 'knew', 'governments', 'spiritual', 'response', 'god', 'door', 'helping', 'tv', 'case', 'stories', 'needs', 'kill', 'left', 'state', 'world', 'makes']"
FiliaDolos,"['smiling', 'tough', 'yeah', 'left', 'little', 'psychology', 'another', 'lot', 'said', 'really', 'years', 'child']"
FluffyMarmalade,"['session', 'glad', 'pretty', 'went', 'good', 'today', 'feel', 'therapy']"
BreenOuellette,"['varying', 'indigenous', 'enthusiasm', 'reframed', 'continuing', 'according', 'concept', 'governments', 'rights', 'gove', 'abuse']"
chaosbogey,"['whining', 'entire', 'ages', 'annoying', 'spent', 'hour', 'first', 'went', 'today', 'time', 'therapy']"
noteablebits,"['pissed', 'separate', 'kids', 'whole', 'hell', 'issue', 'sick', 'saying', 'parents', 'wrong', 'say', 'owe', 'des', 'dont', 'want', 'people', 'res', 'abuse']"
MumbaiKaAadmi,"['events', 'crybaby', 'repartee', 'false', 'faced', 'simple', 'authority', 'alien', 'news', 'fake', 'truth', 'going', 'abuse']"
DaddyLarb,"['hella', 'letting', 'thanks', 'release', 'still', 'depressed', 'stress', 'know', 'im']"
ittbbb,"['control', 'power', 'addiction', 'people']"
SeventhDayEden,"['hello', 'jesuschrist', 'roland', 'keeping', 'hang', 'horrible', 'look', 'depression']"
Mxnchkinz,"['mouse', 'keyboard', 'switch', 'fix', 'wait', 'cant', 'got', 'make', 'know', 'thing', 'anxiety']"
Raelyn2_,"['uhh', 'anxiety', 'im']"
MychelMRW,"['patterson', 'dreaming', 'works', 'dealing', 'means', 'sure', 'said', 'going', 'part', 'make', 'never', 'trauma', 'way', 'therapy', 'people', 'art', 'abuse']"
xxxtenchion,"['troubled', 'hundreds', 'saved', 'mark', 'lives', 'helped', 'left', 'need', 'suicide', 'child']"
CharliePKane,"['cosmos', 'devastated', 'series', 'hero', 'mine', 'helped', 'pretty', 'much', 'get', 'depression', 'bu']"
Blunders141084,"['matecouldnt', 'shitting', 'ashes', 'series', 'haha', 'half', 'gave', 'take', 'way', 'abuse']"
bunnyt1960,"['herbie', 'lots', 'crutches', 'potty', 'osu', 'besides', 'available', 'bath', 'dimin', 'nurse', 'playing', 'suck', 'isolate', 'next', 'professional', 'national', 'sort', 'yet', 'care', 'couple', 'need', 'remember', 'doesnt', 'head', 'days', 'week', 'help', 'take', 'good', 'talk', 'see', 'trauma', 'stress', 'therapy', 'know', 'people', 'suicide', 'get', 'anxiety', 'go', 'pre', 'nd']"
__trashprincess,"['lrt', 'ndgt', 'coworkers', 'brought', 'allegations', 'assault', 'prett', 'actually', 'today', 'tw', 'sexual', 'abuse']"
Jacobdude,"['criminalize', 'forms', 'knife', 'surprising', 'brains', 'somebody', 'takes', 'knowledge', 'boys', 'horrible', 'early', 'assault', 'childhood', 'trauma', 'sexual', 'people', 'abuse']"
BlackKhaleesi,"['context', 'gangstalking', 'namely', 'torture', 'degenerate', 'whatever', 'lifetime', 'healing', 'constantly', 'direct', 'instead', 'wanted', 'bring', 'done', 'children', 'emotional', 'physical', 'person', 'sexual', 'still', 'atte', 'arent', 'trauma', 'like', 'child', 'abuse']"
wowsoclever1234,"['genetic', 'smartest', 'humans', 'choice', 'power', 'isnt', 'aware', 'support', 'hum', 'thats', 'always', 'like', 'people', 'hu', 'suicide', 'im', 'abuse']"
10fifty6,"['ten50', 'tune', '808s', 'note', 'type', 'beat', 'adhd', 'hats', 'make', 'hi']"
Dunks000,"['archers', 'gripped', 'fans', 'something', 'domestic', 'story', 'abuse']"
JohnnyRock,"['text', '741741', 'crisis', 'silence', 'worker', 'victor', 'lt3', 'golden', 'isolation', 'suicidal', 'editing', 'surviving', 'tonight', 'value', 'feeling', 'abusers', 'comes', 'back', 'night', 'depressed', 'victim', 'know', 'child', 'abuse']"
ShurterD,"['beyond', '76000', 'sucks', 'disability', 'complex', 'belief', 'fucked', 'words', 'far', 'month', 'doesnt', 'commit', 'ptsd', 'make', 'never', 'suicide', 'go']"
Punkichu,"['ridden', 'clinically', 'loyal', 'anarchism', 'nearly', '3pks', 'mentholsday', 'randomly', 'suorin', 'wawa', 'house', 'socialphobia', 'phobic', 'semi', 'gold', 'learned', 'drop', 'employe', 'near', 'works', 'whos', 'shop', 'severe', 'place', 'leave', 'dear', 'heart', 'woman', 'amp', 'social', 'depressed', 'anxiety', 'stress', 'go']"
jaljayomyheart,"['performance', 'bighit', 'paid', 'million', 'amazing', 'pull', 'bts', 'still', 'got', 'know', 'im']"
kchatmon4,"['coffin', 'renovations', 'haaaaa', 'ancestral', 'skskskskskssksk', 'collective', 'paid', 'nap', 'platform', 'fast', 'quick', 'along', 'trigger', 'coming', 'lets', 'home', 'take', 'ptsd', 'also', 'depressed', 'see', 'real', 'get', 'depression', 'ever']"
a_weirdwriter,"['appreciating', 'crowds', 'palpitations', 'essay', 'handed', 'despite', 'ideation', 'feelings', 'creative', 'happening', 'ashamed', 'recovering', 'giving', 'heart', 'disorder', 'far', 'helping', 'suicidal', 'reading', 'writing', 'sleep', 'ptsd', 'book', 'bad', 'cant', 'thats', 'right', 'someone', 'much', 'today', 'stan', 'anxiety', 'com', 'ive', 'im']"
casterIyrocking,"['donkey', 'depression']"
MaryHarney8,"['friendship', 'even', 'dont', 'know', 'abuse']"
venomraider,"['mikey', 'licensed', 'major', 'whats', 'therapist', 'please', 'wron', 'psychology', 'tell', 'oh']"
LouieTheRed1,"['shocking', 'power', 'well', 'wh', 'abuse']"
CWJohnsonJr1,"['motivationmonday', 'mondaymood', 'motivationalmonday', 'motivationalquotes', 'motivation', 'suicideprevention']"
bonini_sm1le,"['guys', 'graduation', 'speechless', 'differenttheyre', 'bookmar', 'rock', 'totally', 'tears', 'deserve', 'bts', 'study', 'brain', 'sick', 'world', 'ends', 'something', 'cry', 'youre', 'didnt', 'look', 'way', 'go', 'im']"
Pmbigz,"['jess', 'laughs', 'privileged', 'families', 'male', 'meet', 'committed', 'young', 'well', 'suicide', 'men']"
POD_Payton,"['bigger', 'room', 'trigger', 'full', 'theres', 'kids', 'disorder', 'anxiety']"
MorvariTess,"['pricing', 'czar', 'daniel', 'ruled', 'mysterious', 'assaulted', 'hows', 'news', 'pay', 'sexually', 'death', 'drug', 'girl', 'least', 'best', 'therapy', 'suicide']"
ebilmeeki,"['shadow', 'clinging', 'bigoted', 'leaving', 'weight', 'transgender', '500', 'truly', 'recovering', 'scream', 'recent', 'fear', 'attempt', 'raising', 'happened', '20', 'glad', 'almost', 'ago', 'lb', 'longer', 'ptsd', 'doesnt', 'rape', 'first', 'last', 'social', 'still', 'suffer', 'always', 'right', 'like', 'would', 'years', 'depression', 'trauma', 'know', 'suicide', 'child', 'sta', 'anxiety', 'one', 'im']"
talentxox,"['whos', 'tomorrow', 'music', 'helped', 'please', 'hug', 'someone', 'much', 'would', 'love', 'depression', 'sa']"
Stewart_E4USVet,"['disciplined', 'discipline', 'grew', 'difference', 'shame', 'big', 'often', 'man', 'abuse']"
twitemarti,"['everytime', 'everywhere', 'everyday', 'including', 'mine', 'everyone', 'trump', 'talking', 'every', 'abuse']"
RyanLooney8,"['empire', 'worried', 'maybe', 'sometimes', 'talking', 'ash', 'get', 'anxiety']"
QuakesFan84,"['shocked', 'organization', 'ignorerefuse', 'paging', 'evidence', 'investigate', 'would', 'people', 'abuse']"
sirlindsay,"['knee', 'hurts', 'binch', 'comic', 'debating', 'meh', 'made', 'lying', 'post', 'ppl', 'yall', 'cause', 'depressed', 'eh', 'oh', 'today', 'really', 'say', 'im', 'le']"
TCEquine,"['cute', 'animals', 'asf', 'pups', 'cattle', 'costumes', 'tweeting', 'missing', 'thinks', 'judge', 'cuz', 'dog', 'wann', 'sick', 'things', 'akin', 'today', 'need', 'think', 'dont', 'therapy', 'im', 'abuse']"
TissueIssues27,"['scars', 'hungry', 'fingers', 'thumb', 'mothertruckin', 'barely', 'mexicans', 'fanatic', 'bruises', 'jimin', 'grew', 'tough', 'hair', 'fucked', 'tired', 'small', 'spent', 'crazy', 'bts', 'grow', 'hours', 'place', 'wasnt', 'mess', 'save', 'goes', 'crying', 'sign', 'goe', 'via', 'tried', 'sub', 'little', 'eng', 'talking', 'shit', 'die', 'life', 'stop', 'car', 'abused', 'would', 'depressed', 'wh', 'abuse', 'th']"
ExAmish101,"['continual', 'amish', 'reddit', 'bishop', 'churches', 'secret', 'created', 'church', 'report', 'christian', 'coerce', 'activist', 'suspected', 'childs', 'hotline180', 'killer', 'childabuse', 'german', 'states', 'blogs', 'lifesite', 'taught', 'debilitating', 'kinds', 'allegedly', 'gynecologist', 'timesup', 'page', 'lend', 'subreddit', 'insightful', 'grab', 'copy', 'amwriting', 'ultrastrict', 'metoo', 'awareness', 'months', 'strict', 'surviving', 'crimes', 'secrets', 'suing', 'letting', 'enco', 'join', 'raise', 'launch', 'severity', 'resist']"
ruiz22,"['gotta', 'soyou', 'ocd', 'guy', 'hate', 'something', 'sorry', 'fuck', 'really', 'like', 'im']"
EdwinBWriter,"['horny', 'commits', 'gets', 'isnt', 'least', 'someone', 'well', 'suicide']"
diana_fancy,"['kavanaugh', 'acted', 'didnt', 'work', 'help', 'way', 'abuse']"
deppangel_,"['travels', 'wild', 'bijou', 'threw', 'normally', 'disrespectful', 'johnny', 'depp', 'truly', 'seems', 'animals', 'innocen', 'verbal', 'history', 'knows', 'animal', 'dear', 'past', 'open', 'true', 'something', 'tell', 'lot', 'things', 'stop', 'someone', 'like', 'dont', 'let', 'love', 'people', 'mental', 'amp', 'see', 'know', 'one', 'go', 'sh', 'ur', 'abuse']"
A_varys,"['jake', 'ordered', 'cbd', 'quit', 'etc', 'anxiety']"
MarieCorcoran13,"['bed', 'wetting', 'marginally', 'placebo', 'greatly', 'inspired', 'experinced', 'assurance', 'sympathy', 'pathologizing', 'chances', 'proof', 'carries', 'wheres', 'apology', 'unfortunately', 'ended', 'seeing', 'saw', 'took', 'ups', 'place', 'within', 'hand', 'system', 'pain', 'better', 'sleep', 'drug', 'problem', 'lies', 'cause', 'first', 'didnt', 'experienc', 'iss', 'would', 'abused', 'people', 'also', 'well', 'say', 'depressed', 'trauma', 'know', 'suicide', 'ever', 'ki', 'abuse', 'id']"
jostar22,"['severe', 'clinical', 'williams', 'enraged', 'raped', 'duncan', 'goodness', 'unforgivable', 'taxi', 'assure', 'coursed', 'meant', 'awful', 'solution', 'disability', 'sexually', 'ptsd', 'learning', 'allowed', 'problems', 'exactly', 'syndrome', 'conversion', 'including', 'suffer', 'aged', 'fact', 'single', 'word', 'leave', 'goes', 'serious', 'health', 'night', 'heart', 'disorder', 'mental', 'diagn', 'ext', 'said', 'makes', 'experience', 'oh', 'abused', 'know', 'years', 'well', 'old', 'every', 'used']"
StrayTurtle,"['values', 'therapeutic', 'terrorism', 'represent', 'politics', 'relentless', 'bullying', 'culture', 'control', 'least', 'psychology', 'around', 'form', 'like', 'someone', 'need', 'sexual', 'dont', 'abuse']"
toddieonohan,"['intview', 'cubs', 'insider', 'bashing', 'tuas', 'cheered', 'listen', 'figure', 'russel', 'mentioned', 'addison', 'dad', 'bet', 'tua', 'never', 'go', 'abuse']"
nebraska_jones,"['published', 'suggested', 'seasonal', 'quick', 'academic', 'defend', 'study', 'lead', 'yall', 'violence', 'could', 'real', 'child', 'depression', 'abuse']"
OneMotolani,"['sessions', 'appear', 'brilliant', 'attempt', 'therapy']"
PhotoandGrime,"['identify', 'dumb', 'rape', 'look', 'people', 'think', 'abuse']"
_MoFash,"['commonality', 'heterosexual', 'denominator', 'lesbian', 'relationships', 'common', 'speaking', 'hand', 'woman', 'abuse']"
crip_punk,"['bpd', 'autism', 'cptsd', 'attachment', 'attached', 'comorbid', 'crock', 'meltdown', 'pacing', 'apartment', 'swirling', 'boiling', 'obsessive', 'transphobia', 'manifests', 'angry', 'feels', 'chest', 'hype', 'attacks', 'insomnia', 'thoughts', 'thread', 'flashbacks', 'violent', 'birth', 'later', 'absolutely', 'rage', 'emotionally', 'important', 'sometimes', 'crying', 'seen', 'young', 'often', 'anger', 'since', 'dad', 'shit', 'something', 'really', 'disorder', 'well', 'said', 'someone', 'abused', 'ways', 'age', 'tw']"
BiffMeeckie_2,"['depressionandanxiety', 'mentalhealthawareness']"
iowaowens20,"['amazes', 'prevalent', 'proper', 'learned', 'wife', 'ridiculous', 'society', 'works', 'court', 'difficult', 'medication', 'learn', 'system', 'everyone', 'pain', 'treat', 'children', 'domestic', 'like', 'many', 'much', 'abused', 'also', 'get', 'abuse']"
franchisechild,"['welts', 'spanking', 'apacker', 'freerother', 'closer', 'bruises', 'games', 'lose', 'kids', 'turn', 'week', 'shit', 'around', 'tell', 'win', 'sit', 'dont', 'stress', 'get', 'child', 'go', 'one', 'abuse']"
rabia_brown,"['blow', 'situation', 'deserve', 'goes', 'light', 'honest', 'open', 'making', 'heart', 'youre', 'survivor', 'low', 'didnt', 'sis', 'hes', 'every', 'sexual', 'abuse']"
aaishaiya,"['example', 'lesbians', 'towards', 'stronger', 'experiencing', 'likely', 'relationships', 'gay', 'partners', 'otherwise', 'violent', 'physically', 'women', 'within', 'domestic', 'physical', 'experience', 'also', 'men', 'abuse']"
Charapp_BetsyB,"['yelling', 'hope', 'know', 'also', 'dont', 'abuse']"
HoodlumRosea,"['whatever', 'admit', 'realise', 'complex', 'fans', 'develop', 'relati', 'dear', 'heart', 'victims', 'abuse']"
MarkPRamsey,"['wrongs', 'officia', 'two', 'right', 'make', 'dont', 'one', 'abuse']"
ohnoshesalive,"['sucidal', 'hrt', 'happier', 'cheap', 'entirely', 'touchyfeely', 'unless', 'drunk', 'somewhat', 'particularly', 'tbh', 'evening', 'bitch', 'maybe', 'trans', 'group', 'glad', 'doctor', 'made', 'still', 'feeling', 'depressed', 'sure', 'though', 'right', 'today', 'years', 'never', 'see', 'even', 'cl', 'therapy', 'get', 'im', 'one']"
DCPolicecorrupt,"['rapebygov', 'deliberate', 'england', 'insane', 'government', 'scratch', 'surface', 'plymouth', 'coverup', 'perversion', 'noone', 'sweet', 'doublestandards', 'trainee', 'utterly', 'highlystressed', 'piles', 'hounded', 'basis', 'hierarchical', 'dumbingdown', 'combination', 'illegal', 'systems', 'included', 'truthmatters', 'expand', 'extorting', 'police', 'fear', 'selfish', 'bullying', 'drugs', 'catholicchurch', 'debt', 'soon', 'judge', 'inflict', 'train', 'internet', 'seems', 'youth', 'beca', 'based', 'admit', 'professionals', 'justice', 'suicideprevention', 'society', 'legal']"
AmazonFCPhil,"['phones', 'bldg', 'workers', 'safety', 'seen', 'well', 'never', 'work', 'ive', 'abuse']"
kajalMehtaJ,"['hv', 'wd', 'counti', 'movieeven', 'againsuch', 'buster', 'lovely', 'gain', 'knowledge', 'spent', 'forgot', 'watched', 'specially', 'members', 'movie', 'wish', 'beat', 'family', 'social', 'watch', 'really', 'today', 'old', 'time', 'stress', 'ds', 'depression', 'ur', 'nd']"
hayfordian,"['rimke', 'inevitably', 'focussing', 'disorders', 'dsm', 'reserved', 'predominately', 'hpd', 'dpd', 'fire', 'personality', 'basically', 'trash', 'results', 'fear', 'bpd', 'says', 'lives', 'violence', 'anger', 'women', 'eg', 'anxiety']"
AnalizNoelia,"['messages', 'reviews', 'talked', 'lovely', 'amazon', 'wow', 'helps', 'idea', 'sleep', 'thank', 'read', 'always', 'today', 'work', 'therapy', 'anxiety', 'im']"
aaajboo,"['suspect', 'grew', 'related', 'suffered', 'sort', 'least', 'cry', 'think', 'also', 'red', 'abuse']"
Ring_Sheryl,"['russell', 'addison', 'owes', 'blocked', 'earlier', 'yeartreatment', 'typically', 'sheer', 'melisa', 'offensive', 'bullshit', 'beating', 'comparison', 'wrote', 'disease', 'number', 'seriousl', 'defend', 'choice', 'domestic', 'fault', 'also', 'nothing', 'abuser', 'doesnt', 'saying', 'done', 'making', 'family', 'youre', 'getting', 'thats', 'didnt', 'addiction', 'someone', 'victim', 'work', 'men', 'im', 'abuse']"
HdrMlk,"['weighing', 'theres', 'theyre', 'wont', 'open', 'others', 'depressed', 'feel', 'like', 'people', 'know']"
realityaddictx,"['perpetuates', 'dissapea', 'belief', 'sort', 'decide', 'stop', 'depressed']"
James4Labour,"['thrown', 'famous', 'behaviour', 'idiots', 'report', 'crew', 'angry', 'received', 'actor', 'product', 'myse', 'please', 'tired', 'stage', 'tell', 'remember', 'shes', 'probably', 'sick', 'constant', 'bad', 'story', 'want', 'like', 'abuse']"
AlexLondonUK,"['franklin', 'trafficked', 'poor', 'dc', 'remember', 'kids', 'cover', 'always', 'ill', 'abuse']"
Northantsfans,"['increased', 'steroid', 'african', 'players', 'ahead', 'immigration', 'obvious', 'added', 'vote', 'game', 'leave', 'pretty', 'young', 'left', 'stigma', 'get', 'abuse']"
tayttimus,"['twcw', 'inducing', 'spikes', 'csa', 'forgot', 'uh', 'took', 'honestly', 'especially', 'dad', 'hey', 'family', 'tell', 'told', 'less', 'friend', 'hard', 'health', 'mental', 'amp', 'sexual', 'day', 'depression', 'anxiety', 'abuse']"
GoodeyPhyllis,"['deji', 'trumped', 'charges', 'without', 'free', 'stop', 'power', 'lies', 'go', 'abuse']"
S_L_I_C_K,"['dime', 'gofundme', 'giver', 'mine', 'months', 'almost', 'last', 'getting', 'lm', 'got', 'ptsd', 'never', 'help']"
luthilagreyth,"['huskies', 'fetch', 'pampanga', 'babies', 'update', 'excited', 'meet', 'already', 'two', 'tomorrow', 'getting', 'love', 'well', 'amp', 'therapy', 'em']"
TokyoPro,"['stood', 'feast', 'proved', 'weak', 'beat', 'drug', 'mom', 'addiction', 'life', 'anxi', 'men']"
SamDalglish,"['according', 'parents', 'like', 'abuse']"
MissGwenllian,"['rosetu', 'lacerations', 'studiously', 'avoiding', 'captive', 'online', 'jaqueline', 'fortnight', 'weirdly', '170', 'repeated', 'damage', 'profit', 'breeding', 'address', 'poor', 'suffered', 'committed', 'system', 'writing', 'brain', 'probably', 'everything', 'question', 'believe', 'hard', 'read', 'trau', 'dont', 'suicide', 'abuse']"
TheBali87,"['drivers', 'customers', 'canc', 'uber', 'authority', 'asked', 'abuse']"
witchyMishi,"['marianne', 'lectures', 'spirituality', 'books', 'shes', 'psychology', 'love']"
anne_myrka,"['opioid', 'receive', 'treatment', 'experience', 'still', 'addiction', 'people', 'pa']"
SObeysick,"['hideous', 'seeping', 'pore', 'staring', 'sorry', 'wond', 'find', 'probably', 'feeling', 'often', 'around', 'love', 'want', 'people', 'depressed', 'every', 'even', 'depression', 'dont', 'thing', 'im']"
girlygirlsguide,"['advanced', 'woot', 'dads', 'battling', 'alzheimers', 'heartwrenching', 'remembers', 'decline', 'battles', 'vital', 'slow', 'fade', 'chose', 'chapter', 'fast', 'grateful', 'brilliant', 'fighting', 'wellbeing', 'seeing', 'moment', 'release', 'worth', 'theres', 'watching', 'longer', 'nothing', 'let', 'anyone', 'another', 'going', 'book', 'ins', 'add', 'stress', 'go', 'im', 'one', 'lo']"
PaulPWaldmiller,"['hearts', 'beata', 'soldiers', 'studies', 'treating', 'nonabused', 'purple', 'research', 'proved', 'final', 'actually', 'victims', 'story', 'abused', 'suicide', 'child', 'abuse', 'de']"
HeyMsHenderson_,"['messed', 'girlsi', 'soooo', 'nastiness', 'black', 'needed', 'growing', 'else', 'flashb', 'seeing', 'almost', 'helps', 'attack', 'hope', 'sick', 'yall', 'around', 'really', 'deal', 'going', 'mean', 'thats', 'though', 'someone', 'like', 'therapy', 'need', 'also', 'people', 'anxiety', 'one', 'im']"
AllyLockheart,"['sister', 'homework', 'planning', 'attention', 'secrets', 'curious', 'wrote', 'yel', 'note', '10', 'teacher', 'everyone', 'goes', 'stag', 'saying', 'cause', 'ask', 'hard', 'like', 'would', 'say', 'suicide', 'help', 'get', 'anxiety', 'im', 'one']"
Medmoha14,"['alex', 'glenn', 'fatal', 'commited', 'attraction', 'original', 'oscar', 'terrence', 'malick', 'trilogy', 'favorite', 'character', 'kept', 'gotten', 'concern', 'wonder', 'ending', 'watching', 'would', 'always', 'suicide', 'therapy']"
killakuzco,"['dudes', 'mama', 'held', 'bum', 'thinking', 'lol', 'nothing', 'back', 'feel', 'ass', 'stress', 'man']"
RHW200,"['pieces', 'anxietyproblems', 'youareloved', 'provoking', 'saw', 'thought', 'anxiety', 'one']"
PaulaMc007,"['nhs', 'incredibly', 'hands', 'suffered', 'allow', 'death', 'hard', 'son', 'abuse']"
tessasgummybear,"['bullshit', 'far', 'lives', 'probably', 'yall', 'time', 'depression', 'ha', 'im']"
ChrisTheCripple,"['addition', 'causes', 'murder', 'transgender', 'trans', 'treatments', 'biid', 'amputation', 'leading', 'among', 'usa', 'creates', 'afraid', 'registries', 'eugeni', 'death', 'friendly', 'reminder', 'disaster', 'therapists', 'instantly', 'attach', 'perpetuate', 'stigma', 'illness', 'envi', 'caused', 'top', 'lead', 'two', 'fucking', 'treatment', 'mental', 'violence', 'often', 'people', 'cause', 'yes', 'makes', 'suicide', 'alwa', 'health', 'also', 'trauma', 'ps', 'one', 'ar']"
animaltooth,"['clinical', 'scents', 'strawberry', 'deodorant', 'dramaticizing', 'battered', 'rose', 'strength', 'accuse', 'put', 'trying', 'believe', 'woman', 'cant', 'mom', 'right', 'depression', 'im', 'abuse']"
Sinister_Times,"['comprehend', 'fair', 'ironically', 'connection', 'supporting', 'innocent', 'support', 'absolutely', 'understand', 'system', 'theres', 'saying', 'women', 'victims', 'dont', 'supp', 'thats', 'hard', 'abuse', 'im']"
MartianHoplite,"['century', 'flagrant', 'selfserving', 'perpetration', 'frauds', 'destructive', 'great', 'pu', 'abuse']"
pecial1717,"['wants', 'trust', 'issues', 'lead', 'father', 'mother', 'victim', 'abused', 'talk', 'years', 'amp', 'ever', 'one', 'abuse']"
kooksoshook,"['extremely', 'chaotic', 'jinkook', 'istg', 'broke', 'record', '2009', 'awards', 'course', 'bts', 'mma', 'literally', 'tweet', 'since', 'every', 'im']"
caseydeeyacheez,"['2012', 'judged', 'entertainment', 'inconvenient', 'religion', 'charities', 'websites', 'jw', 'incredulous', 'jeesh', 'wordly', 'jws', 'wording', 'watchtower', 'abusing', 'terrible', 'points', 'mentioned', 'kinda', 'gives', 'movies', 'step', 'choice', 'stay', 'gave', 'asking', 'matter', 'already', 'thinking', 'almost', 'music', 'article', 'non', 'pretty', 'truth', 'dv', 'everything', 'speak', 'past', 'mad', 'sure', 'home', 'first', 'yes', 'told', 'mean', 'stop', 'always', 'victim', 'would']"
Cadywise,"['asleep', 'fell', 'interview', 'said', 'mom', 'hey', 'lets', 'home', 'back', 'star', 'abuse', 'use']"
giallesa,"['gw', 'pdogg', 'karena', 'tau', 'thread', 'bts', 'half', 'antis', 'westernised', 'showing', 'dancemusic', 'prestigious', 'james', 'dbsjhskdkd', 'dhkshdksks', 'thoroughly', 'performed', 'bbdksbdksk', 'twt', 'beech', 'kalo', 'sungdeuk', 'udah', 'bentukannya', 'bentar', 'awardnya', 'kenapa', 'berhubungan', 'sama', 'semua', 'wkwkwkw', 'selama', 'kaga', 'pernah', 'bentuknya', 'hoini', 'toh', 'baru', 'sadar', 'meskipun', 'tertariknya', 'tapi', 'jadi', 'dikomporin', 'pals', 'malay', 'albumnya', 'kaya', 'lebih', 'account']"
Puse0,"['disgusted', 'encountered', 'benoni', 'verbally', 'service', 'level', 'abuse']"
laura_corbeth,"['patterns', 'actions', 'mentalhealthmatters', 'colour', 'boundaries', 'loveyourself', 'selfcare', 'tellyourstory', 'unloved', 'daughter', 'fantastic', 'pushing', 'upfront', 'education', 'gaslighting', 'hold', 'neglec', 'empathy', 'obvious', 'governments', 'psychological', 'silent', 'effects', 'door', 'write', 'psychology', 'alone', 'gets', 'emotional', 'term', 'fault', '12', 'treatment', 'put', 'great', 'childhood', 'wrong', 'mother', 'believe', 'keep', 'another', 'mean', 'things', 'start', 'trauma', 'long', 'let', 'today', 'pos', 'need']"
Butterfly_Trish,"['holidays', 'challenge', 'seasonal', 'cold', 'average', 'worldmentalhealthday', 'alliance', 'illinois', 'discussing', 'cycles', 'whispering', 'mytruth', 'difficult', '2012', 'conference', 'painful', 'memories', 'via', 'attended', 'ashamed', 'omg', 'rates', 'highe', 'research', 'diagnosis', '10', 'makes', 'needs', 'chronic', 'pain', 'adhd', 'believe', 'support', 'actually', 'last', 'time', 'year', 'stop', 'read', 'always', 'depression', 'ptsd', 'also', 'like', 'dont', 'suicide', 'child', 'abuse']"
kateylangridge,"['thanx', 'retail', 'yeh', 'money', 'bit', 'therapy']"
mezbourian,"['option', 'always', 'suicide']"
THUNDER_LEMONS,"['soil', 'hoping', 'asylum', 'lgbtq', 'icereform', 'died', 'sad', 'got', 'abuse', 'us']"
ZintleDiko,"['alive', 'rejections', 'living', 'making', 'phys', 'still', 'sexual', 'abuse']"
vani_echelon,"['scepticism', 'speaking', 'suffered', 'true', 'victims', 'met', 'well', 'abuse']"
quietcourage3,"['visible', 'ordinary', 'appear', 'inflict', 'effect', 'everything', 'always', 'dont', 'abuse']"
munfess,"['yang', 'punya', 'kalian', 'tidur', 'tidak', 'teratur', 'dapat', 'menandakan', 'kamu', 'sedang', 'mengalami', 'lho', 'selain', 'aja', 'sih', 'ciri', 'mentally', 'kl', 'cuz', 'apa', 'physically', 'father', 'dear', 'ada', 'done', 'childh', 'itu', 'pola', 'rl', 'trauma', 'abused', 'stress', 'depression']"
akaalison1,"['reality', 'nobody', 'radio', 'uses', 'yesterday', 'sorry', 'story', 'des', 'someone', 'life', 'help', 'depression', 'anxiety', 'abuse']"
Stefany_Rocks11,"['dosage', 'councling', 'bounced', 'trys', 'csll', 'freak', 'wod', 'math', 'kick', 'nine', 'class', 'hanging', 'severe', 'ended', 'doctor', 'suffered', 'meds', 'kids', 'body', 'parents', 'best', 'boy', 'found', 'med', 'friend', 'age', 'think', 'depressed', 'help', 'depression', 'anxiety', 'like', 'dont', 'therapy', 'im']"
TheLightWeCast,"['iswas', 'untrue', 'paranoia', 'comparing', 'mothers', 'groups', 'facebook', 'apart', 'hallucinations', 'whenever', 'hurt', 'narcissistic', 'abusive', 'points', 'else', 'added', 'experienced', 'soo', 'bpd', 'happened', 'worse', 'father', 'understand', '50', 'started', 'shes', 'mad', 'parents', 'left', 'childhood', 'week', 'something', 'told', 'may', 'lot', 'last', 'physical', 'getting', 'trauma', 'du', 'used', 'people', 'thing', 'gr', 'one', 'abuse']"
HoorainY,"['perpetrators', 'little', 'danger', 'girls', 'harm', 'boys', 'decide', 'children', 'much', 'child', 'abuse']"
BFreeEmB,"['swear', 'kicking', 'recognizing', 'weird', 'fact', 'helps', 'fucking', 'right', 'bit', 'lot', 'things', 'feel', 'ass', 'depression']"
ballet_daisy,"['disordered', 'poppys', 'mindaerobic', 'lolololol', '40kgs', 'survived', 'turns', 'proud', 'wounds', 'friends', 'eating', 'fix', 'abusers', 'attempt', 'living', 'logic', 'week', 'world', 'depressed', 'cant', 'last', 'victims', 'went', 'help', 'tho', 'suicide', 'hi', 'abuse']"
Sents_Roy,"['fightdepression', 'atleast', 'tragedy', 'psychological', 'games', 'peace', 'worked', 'starting', 'yet', 'everything', 'rest', 'play', 'another', 'mind', 'may', 'always', 'say', 'depressed', 'never', 'people', 'get', 'depression']"
Ashwinsampathk,"['hindus', 'cows', 'capable', 'helping', 'stress', 'th']"
Sphelele_Bangz,"['letfightaddictionandmentalillness', 'dysthymia', 'major', 'fighting', 'survive', 'wants', 'coward', 'denied', 'luck', 'challenged', 'characterised', 'august', 'motivating', 'letter', 'master', 'worrying', 'apply', 'unhappy', 'recurrent', 'weakened', 'brave', 'defeated', 'quoted', 'unknown', 'empty', 'addiction', 'illness', 'selfish', 'deny', 'medical', 'congratulations', 'smiling', 'created', 'choose', 'substance', 'types', 'living', 'wish', 'body', 'symptom', 'strength', 'battling', 'inside', 'dying', 'excited', 'disease', 'alcohol', 'cope', 'ashamed', 'seek']"
lilscorpiondee,"['outi', 'finally', 'emotional', 'physical', 'went', 'got', 'years', 'sexual', 'trauma', 'abuse']"
Geek_Prince,"['feels', 'jump', 'dictate', 'dumbass', 'building', 'toxic', 'possessive', 'spouse', 'dragging', 'stroke', '29', 'taste', 'pills', 'ramsay', 'gordon', 'sense', 'sleeping', 'except', 'yelling', 'egg', 'gun', 'veterans', 'fucking', 'away', 'like', 'doesnt', 'hang', 'commit', 'feel', 'makes', 'stop', 'inte', 'suicide', 'rate', 'always', 'health', 'need', 'also', 'mental', 'add', 'anxiety', 'depression', 'sh', 'th']"
ChantzAfia,"['60s70s', 'minded', 'none', 'business', 'aspect', 'ppl', 'back', 'talk', 'abuse']"
Abbey_Cadabby_,"['loving', 'upgrade', 'guy', 'attacks', 'meeting', 'personally', 'known', 'spent', 'hanging', 'knows', 'pull', 'put', 'actually', 'commit', 'went', 'thats', 'someone', 'years', 'ive', 'people', 'suicide', 'anxiety']"
MelaninRae,"['threatens', 'hires', 'demands', 'thulis', 'job', 'drives', 'insane', 'rapist', 'kill', 'young', 'see', 'child', 'people', 'abuse']"
SikwindiSitula,"['startling', 'economic', '1930s', 'necessitated', 'starting', 'control', 'point', 'depression', 'us']"
SNAlLWOMAN,"['watercolor', 'finished', 'rip', 'bts', 'never']"
http_lx,"['dadyan', 'chudail', 'kutti', 'kamini', 'esko', 'kabhi', 'pizza', 'naseeb', 'hohuh', 'huh', 'indiastandbysreesanth', 'retweet', 'surbhirana', 'nah', 'want', 'abuse']"
PlsHelpOurVets,"['navy', 'admiral', 'stearney', 'scott', 'dead', 'scalia', 'apparent', 'calling', 'found', 'question', 'suicide', 'ya', 'right', 'gl', 'us']"
rfranklin626,"['gonna', 'whos', 'trump', 'come', 'stop', 'know', 'thing', 'one', 'abuse']"
scretladyspider,"['adhd', 'hashtags', 'christianity', 'conservative', 'changer', 'nuerodivergent', 'chapel', 'lonely', 'allnighters', 'pressured', 'illogical', 'edgelord', 'moods', 'predominantly', 'grieving', 'putting', 'adhdpi', 'intensive', 'figured', 'struggled', 'difficulty', 'regulating', 'retweet', 'illnesses', 'filled', 'students', 'pulling', 'verbally', 'loud', 'recently', 'trouble', 'attention', 'month', 'held', 'switch', 'needed', 'mostly', 'strategies', 'basically', 'diagnosed', 'mentalillness', 'student', 'constantly', 'effects', 'watched', 'different', 'game', 'died', 'within', 'crying']"
ijxssica,"['cries', 'physics', 'legit', 'pressure', 'acknowledge', 'wonderful', 'presentation', 'took', 'history', 'teacher', 'bc', 'social', 'much', 'really', 'stress', 'cr', 'anxiety', 'ap', 'im']"
evaesp383,"['scrolling', 'replies', 'salty', 'stans', 'terrible', 'interaction', 'lmao', 'jesus', 'seeing', 'single', 'personal', 'experience', 'bts', 'think', 'make', 'depressed', 'life', 'every', 'know', 'anxiety', 'ive', 'im']"
WendyLynne_,"['scrubs', 'wine', 'weekly', 'large', 'glass', 'city', 'guns', 'mostly', 'gun', 'nurse', 'hospital', 'number', 'rough', 'attem', 'level', 'watching', 'working', 'die', 'pts', 'psych', 'long', 'used', 'trauma', 'therapy', 'suicide', 'ni', 'im']"
AnjleLatihaC,"['mechanisms', 'coping', 'across', 'reading', 'came', 'acc', 'self', 'depression', 'im']"
peachboyy333,"['rachel', 'bloom', 'feat', 'cuz', 'ooh', 'choreo', 'sucker', 'snap', 'irreverentmorbid', 'humor', 'anyones', 'michael', 'sexy', 'french', 'exgirlfriend', 'performance', 'scott', 'crazy', 'physically', 'mention', 'watching', 'fault', 'almo', 'via', 'trying', 'attack', 'nothing', 'fan', 'sad', 'bts', 'still', 'tw', 'feel', 'amp', 'depression', 'anxiety', 'ever', 'im', 'abuse']"
TaurusShawty,"['popped', 'mirror', 'melted', 'turned', 'looked', 'beautiful', 'music', 'away', 'literally', 'tf', 'self', 'today', 'amp', 'ass', 'stress']"
HayatullahBasij,"['fifa', 'investigates', 'womens', 'issued', 'sadness', 'condolences', 'nangarhar', 'afghan', 'football', 'claims', 'cnn', 'company', 'attacks', 'team', 'statement', 'deep', 'strong', 'members', 'lost', 'body', 'prov', 'family', 'sai', 'suicide', 'abuse']"
Soul_Decay,"['belief', 'course', 'animal', 'decide', 'kill', 'actually', 'think', 'suicide']"
the_trading_ark,"['glasgows', 'green', 'radar', 'supported', 'club', 'rife', 'glorify', 'white', 'keeping', 'amp', 'child', 'id', 'abuse']"
elisekumar,"['arithmetic', 'suddenly', 'realised', 'transcription', 'shirt', 'hpt', 'checkout', 'machines', 'adhd', 'holy', 'started', 'easy', 'omg', 'realise', 'else', 'wow', 'coll', 'interview', 'passed', 'months', 'level', 'ago', 'isnt', 'meds', 'test', 'using', 'lot', 'social', 'self', 'mean', 'didnt', 'read', 'oh', 'much', 'would', 'also', 'mental', 'even', 'anxiety', 'like', 'way', 'depression', 'le']"
eddieamack,"['flat', 'oppressed', 'minorities', 'entail', 'excusing', 'healthy', 'dose', 'realistically', 'particularly', 'color', 'standing', 'perspective', 'risk', 'america', 'needed', 'rights', 'horrible', 'wrong', 'talking', 'domestic', 'woman', 'first', 'women', 'physical', 'thats', 'abuse']"
MikeBaliff1,"['rigged', 'systemrights', 'royal', 'pathetic', 'witnessing', 'dossiers', 'trafficking', 'president', 'courts', 'exactly', 'trash', 'legal', 'fake', 'trump', 'goes', 'human', 'talking', 'rape', 'pro', 'abuse', 'pr']"
carlsonmiked,"['recommendation', 'psyh', '15th', 'process', 'starting', 'dog', 'ptsd']"
Shaken0Stirred,"['brothers', 'remove', 'seek', 'must', 'possible', 'treatment', 'tried', 'stigma', 'try', 'many', 'ptsd', 'get']"
RoseusJaeger,"['forgetting', 'editors', 'estimates', 'manuscript', 'proofreading', 'tonight', 'editing', 'bad', 'medication', 'asking', 'lol', 'keep', 'watch', 'social', 'feel', 'anxiety', 'get']"
BTS_4everLove,"['btsarmy', 'burnthestageatinox', 'companion', 'travel', 'unconditional', 'quiz', 'taetae', 'indeed', 'ideal', 'amazing', 'loved', 'bts', 'possible', 'bring', 'movie', 'via', 'making', 'thank', 'member', 'love']"
ManikSi44649969,"['sister', 'urselfu', 'kidding', 'okk', 'apni', 'karna', 'worry', 'asked', 'results', 'dude', 'guess', 'small', 'national', 'first', 'fuck', 'tv', 'logic', 'big', 'ppl', 'human', 'ko', 'right', 'talking', 'wha', 'show', 'told', 'dont', 'good', 'love', 'say', 'like', 'par', 'know', 'ur', 'go', 'abuse', 'un']"
ficoshutdown181,"['typing', 'causing', 'panic', 'whacked', 'minn', 'county', 'police', 'attack', 'face', 'enough', 'said', 'right', 'amp', 'even', 'anxiety', 'ex', 'abuse']"
Grammy11111,"['lupus', 'flare', 'phase', 'thorazine', 'manic', 'locked', 'turn', 'crazy', 'bipolar', 'due', 'meds', 'little', 'cause', 'sorry', 'makes', 'self', 'thats', 'come', 'would', 'wh', 'stress', 'sh', 'wo']"
J4Chabot,"['beaters', 'saw', 'video', 'everyone', 'woman', 'im', 'abuse']"
Noobstine_AE,"['cats', 'corpse', 'weapon', 'aqw', 'vampire', 'o_o', 'mace', 'animal', 'ae', 'fight', 'using', 'call', 'abuse']"
aberdeen104,"['exercise', 'duty', 'bound', 'spend', 'seems', 'movies', 'hours', 'medication', 'tv', 'yeah', 'theres', 'watching', 'stigma', 'around', 'still', 'work', 'people', 'depression', 'anxiety']"
Michele3Ost,"['arguing', 'asshole', 'belly', 'brings', 'waking', 'sunday', 'choose', 'worship', 'dream', 'morning', 'leave', 'deep', 'longer', 'hate', 'done', 'night', 'stand', 'mom', 'right', 'today', 'ptsd', 'feel', 'get', 'anxiety', 'abuse']"
suzannerivecca,"['streets', 'd5', 'advocate', 'supe', 'crimina', 'suffering', 'addiction', 'ever']"
sunflowroctopus,"['freshman', 'highschool', 'buti', 'free', 'theres', 'lol', 'saying', 'since', 'need', 'therapy', 'know', 'ive']"
DVYancey,"['confided', 'stopped', 'promise', 'told', 'mom', 'never', 'amp', 'abuse']"
Mz_louisiana28,"['severity', 'pulling', 'parents', 'realize', 'started', 'away', 'kids', 'ask', 'mental', 'abuse']"
fllwmeinstead,"['ruin', 'genuinely', 'dude', 'shouldnt', 'peoples', 'agree', 'fun', 'nothing', 'hey', 'people', 'get', 'anxiety']"
kellyyyyyyy666,"['adding', 'calm', 'reason', 'stop', 'stress']"
Daniel_LWOS,"['pregnant', 'gf', 'pled', 'probation', 'robin', 'horse', 'wehatemovies', 'college', 'assaulted', 'guilty', 'attended', 'episode', 'mentioned', '2nd', 'number', 'hood', 'best', 'ring', 'therapy', 'suicide', 'one']"
ambrosia_omG,"['liar', 'meditation', 'limiting', 'dysfunctional', 'yoga', 'spite', 'posted', 'interaction', 'called', 'spoke', 'helped', 'honest', 'parents', 'true', 'said', 'things', 'much', 'therapy', 'also', 'abuse']"
GHETTO_VEGAN,"['ahnt', 'stressing', 'tripped', 'diet', 'starch', 'switch', 'empath', 'others', 'attack', 'body', 'hate', 'first', 'hard', 'long', 'back', 'say', 'anxiety', 'stress', 'know', 'ive', 'im']"
YungAnneBonny,"['purple', 'thought', 'suicide']"
LoriDav04071591,"['guilty', 'west', 'mom', 'suicide', 'child', 'abuse']"
leoscouller,"['pry', 'manipulative', 'counselling', 'track', 'extremity', 'sheesh', 'retarded', 'medication', 'cruel', 'throw', 'destructive', 'behaviors', 'mix', 'anyway', 'hahahaha', 'fucking', 'literally', 'cheat', 'charges', 'inside', 'internet', 'cure', 'fake', 'domestic', 'fuck', 'charge', 'thinking', 'self', 'lying', 'goes', 'away', 'put', 'safe', 'serve', 'yall', 'seen', 'kids', 'head', 'mother', 'problem', 'gonna', 'kid', 'meth', 'fuc', 'bad', 'actual', 'person', 'therapy', 'good', 'back']"
lionzfan44,"['altercation', 'supposedly', 'happening', 'younger', 'called', 'woman', 'didnt', 'abuse']"
RasenBran,"['dwell', 'workwant', 'rtd', 'giorno', 'quiet', 'advice', 'buddies', 'creative', 'regarding', 'disagree', 'saw', 'etc', 'creat', 'tweet', 'gonna', 'got', 'also', 'tl', 'dont', 'depression', 'abuse']"
russ_mc_876,"['jah', 'dem', 'stress', 'know', 'king']"
M1NDR,"['stream', 'joining', 'guys', 'test', 'todays', 'check', 'thanks', 'afternoon', 'patch', 'friday', 'beerz', 'dayz', 'fixed', 'checked', 'although', 'bit', 'folks', 'loud', 'tests', 'steps', 'improving', 'bunch', 'weve', 'evening', 'update', 'apparently', 'small', 'starting', 'changes', 'weird', 'supposed', 'good', 'going', 'new', 'might', 'theyre', 'today', 'pretty', 'fun', 'stress', 'right', 'making', 'night', 'hey', 'kind', 'live', 'start', 'back', 'got', 'want']"
shimmerscales,"['lower', 'mega', 'bank', 'commissions', 'worried', 'okay', 'cycle', 'finished', 'continue', 'havent', 'hours', 'account', 'wasnt', 'month', 'gettin', 'getting', 'someone', 'abused', 'talk', 'tru', 'dont', 'real', 'therapy', 'depression', 'go', 'im']"
veidarling13,"['saturn', 'emotions', 'discipline', 'divine', 'divin', 'stockpiling', 'heavy', 'choosing', 'anyway', 'notice', 'gives', 'solve', 'interact', 'light', 'comes', 'yall', 'hate', 'wont', 'love', 'depression', 'depressi', 'abuse']"
Denise30712586,"['heaven', 'europe', 'personnel', 'occupational', 'must', 'america', 'hospital', 'including', 'speech', 'watching', 'allow', 'commit', 'physical', 'got', 'therapy', 'suicide']"
TomGapsky,"['jets', 'total', 'team', 'alabama', 'ohio', '375', 'dolphins', 'aventti', 'betting', 'chanceshaha', '832', '38', '98', 'micheal', '3rd', 'opinion', 'vs', '30', 'hurt', 'worst', 'scott', 'dow', 'yesterday', 'charge', 'might', 'pts', 'lost', 'better', 'came', 'bet', 'state', 'believe', 'hey', 'domestic', 'back', 'day', 'ever', 'im', 'abuse']"
WhenCrooksLaugh,"['forever', 'remember', 'trauma']"
ReligionTiffany,"['semester', 'archbishop', 'exposed', 'wash', 'early', 'catholic', 'church', 'sexual', 'pt', 'abuse']"
NarcAbuseRecvry,"['together', 'conversation', 'weeks', 'pieced', 'barnes', 'noble', 'relates', 'couples', 'depending', 'rarely', 'contemplated', 'boyfriend', 'name', 'chose', 'talked', 'oftentimes', 'amount', 'calming', 'situation', 'escape', 'great', 'careful', 'damaging', 'narcissist', 'psychological', 'terrible', 'hugs', 'calling', 'words', 'narcissistic', 'knew', 'partner', 'dealing', 'worse', 'word', 'relate', 'sorry', 'emotional', 'physical', 'worth', 'called', 'sign', 'article', 'sometimes', 'wish', 'lyi', 'lost', 'meds', 'back', 'head']"
TiddyCent_,"['fitting', 'seriously', 'interaction', 'avoid', 'fear', 'friends', 'social', 'much', 'think', 'anxiety', 'mi']"
nativeknow,"['rapeit', 'involved', 'yeh', 'means', 'stolen', 'uh', 'survivor', 'amp', 'true', 'rape', 'sexual', 'also', 'life', 'know', 'im', 'abuse']"
Anglesfacil,"['nmd', 'advocate', 'versa', 'concept', 'claim', 'correct', 'normal', 'vice', 'yeah', 'isnt', 'true', 'show', 'women', 'lot', 'addiction', 'would', 'well', 'say', 'feel', 'men', 'abuse']"
Geordie_Patriot,"['2001', 'bipolar', 'moaned', 'sectioned', 'agreed', 'pity', 'bipolardisorder', 'producer', 'flying', 'existence', 'manic', 'facebook', 'groups', 'advice', 'ideal', 'disorder', 'episode', 'lived', 'since', 'question', 'diagnosed', 'diagnosis', 'single', 'group', 'music', 'point', 'believe', 'world', 'give', 'fuck', 'going', 'self', 'experience', 'good', 'always', 'dont', 'life', 'every', 'time', 'ps', 'therapy', 'people', 'day', 'im', 'one']"
666_Invert,"['worthless', 'dirty', 'revolution', 'bitches', 'triggered', 'earthquake', 'dissociative', 'developmental', 'bcos', 'retraumatising', 'reception', 'cheating', 'ugly', 'dykes', 'amazed', 'destroyed', 'considering', 'complimen', 'stitches', 'hierarchy', 'impacts', 'afforded', 'infinite', 'ongoing', 'varia', 'fentanyl', 'vanquished', 'anxious', 'wreck', 'incapable', 'socialising', 'combatting', 'floating', 'accept', 'gently', 'float', 'badly', 'freeze', 'faced', 'wheres', 'violation', 'represent', 'gasligh', 'horrifying', 'aspect', 'terror', 'abuser', 'waiting', 'recovering', 'forgive']"
sloughingbrains,"['mysterious', 'todoroki', 'deku', 'aura', 'dark', 'showed', 'hes', 'someone', 'trauma']"
shadowqueen2016,"['cough', 'momokun', 'bullied', 'temporary', 'excuse', 'internet', 'break', 'put', 'using', 'adhd', 'enough', 'emotional', 'take', 'ive', 'abuse']"
suushitrash,"['btw', 'paper', 'class', 'front', 'therapist', 'girl', 'lets', 'actuall', 'said', 'sis', 'know', 'also', 'depression', 'time', 'dont', 'go', 'us']"
AimLEGEND_,"['experienced', 'sort', 'ptsd']"
coywaren,['anxiety']
PaulFHiggins,"['gun', 'ownership', 'shootings', 'mass', 'deaths', 'guns', 'related', 'rate', 'suicide', 'help', 'ho']"
Shanz_Sicka,"['seh', 'unruly', 'touch', 'gave', 'kids', 'mother', 'stress', 'talk', 'never', 'see', 'dont', 'know', 'child', 'man', 'one', 'hi', 'abuse']"
NoMasChenko,"['fury', 'pounds', 'drugalcohol', 'inactivity', '150', '25', 'basically', 'straight', 'lost', 'came', 'fig', 'back', 'years', 'abuse']"
gamerguy1991,"['autism', 'autistic', 'police', 'hands', 'pleads', 'hopefully', 'pleasestandby', 'autismawareness', 'writerscommunity', 'startrek', 'trekkie', 'cannabis', 'dependence', 'cannabiscommunity', 'cannabisnews', 'cannabismedicinal', 'thoughts', 'refuse', 'sharing', 'mentalhealthawareness', 'understand', 'pain', 'constant', 'hope', 'addiction', 'keep', 'help', 'person', 'story', 'many', 'stop', 'hear', 'someone', 'someo', 'even', 'people', 'one', 'abuse']"
lynngrayson,"['behavioral', 'julian', 'clutch', 'image', 'fades', 'imperfect', 'exist', 'pretend', 'reaction', 'psychology', 'wait', 'big', 'pass', 'wont', 'anyone', 'lets', 'oh', 'time', 'dont', 'day', 'art', 'sta', 'one']"
azIllustrated,"['seven', 'pregnancy', 'upon', '42', 'saira', 'psychiatrist', 'postpartum', 'impressions', 'celebrate', 'kalia', 'treats', 'deaths', 'artist', 'veterans', 'honor', 'wellbeing', 'million', 'five', 'experience', 'safety', 'md', 'harassment', 'important', 'women', 'due', 'deep', 'fight', 'survivors', 'living', 'violence', 'told', 'story', 'sexual', 'things', 'today', 'make', 'never', 'depression', 'trauma', 'people', 'day', 'sui', 'one', 'abuse', 'us']"
coldartistg,"['blast', 'questioning', 'research', 'future', 'without', 'full', 'wish', 'could', 'things', 'hit', 'anxiety']"
lisaj_2190,"['2004', 'iopc', 'services', '80s', 'investigate', 'happened', 'lets', 'cant', 'social', 'also', 'abuse']"
mmcdonald77,"['tyranny', 'cruelty', 'injustice', 'badge', 'law', 'abuse']"
lansdownrefugee,"['funny', 'quick', 'become', 'question', 'take', 'think', 'mental', 'suicide']"
poeticflowergrl,"['enjooooooy', 'killmonger', 'nigga', 'wanting', 'joker', 'hill', 'looool', 'outta', 'behaviors', 'struggling', 'beating', 'learning', 'developme', 'shut', 'enjoy', 'bitch', 'mock', 'dealing', 'seeing', 'wanna', 'mac', 'therapist', 'human', 'great', 'probably', 'drug', 'psychology', 'shit', 'mind', 'die', 'person', 'didnt', 'good', 'much', 'oh', 'really', 'also', 'say', 'depression', 'like', 'dont', 'br', 'people', 'child', 'go', 'abuse']"
mikelkpoet,"['mikel', 'moving', 'mikelkpoetry', 'solitaire', 'solitude', 'computer', 'subject', 'willing', 'listen', 'coffee', 'slow', 'brought', 'seek', 'fast', 'says', 'joke', 'brain', 'bipolar', 'person', 'friend', 'help', 'depression']"
homunsystem,"['plot', 'mutilation', 'involve', 'nice', 'points', 'murder', 'stories', 'assault', 'least', 'kind', 'rape', 'many', 'thats', 'back', 'thing', 'abuse']"
TammyToft6,"['mechanism', 'complain', 'shut', 'gang', 'coping', 'else', 'dealing', 'helps', 'lot', 'others', 'stress', 'anxiety', 'ive']"
MikeSinclair77,"['btcc', 'touring', 'review', 'cars', 'ages', 'season', 'watching', 'depressed']"
Thalia_Nyx,"['sexualized', 'doubt', 'front', 'sexually', 'world', 'form', 'abused', 'sexual', 'abuse']"
Czaroline,"['ego', 'wanna', 'best', 'really', 'many', 'hard', 'old', 'time', 'stress', 'people', 'one']"
The_Green_City,"['depressed', 'time', 'im']"
FrankCardenasM2,"['step', 'vivauvu', 'cobra', 'poison', 'venom', 'appritation', 'snyder', 'morgan', 'sir', 'charles', 'stopped', 'credit', 'clean', 'abusive', 'takes', 'families', 'weak', 'stay', 'alone', '12', 'longer', 'problem', 'left', 'dad', 'family', 'cause', 'used', 'addiction', 'always', 'years', 'life', 'people', 'im', 'abuse']"
RepBost,"['folks', 'race', 'politics', 'gender', 'class', 'important', 'doesnt', 'care', 'social', 'thats', 'addiction']"
Kingofcondom1,"['ribbon', 'discussed', 'reducing', 'interviewed', 'condom', 'distribution', 'strategies', 'easy', 'stigma', 'fear', 'due', 'means', 'hope', 'using', 'support', 'care', 'today', 'red', 'king']"
GINO_NFLNBA,"['ramczyk', 'demarcus', 'lawrence', 'thursday', 'playing', 'wish', 'ole', 'much', 'love', 'nee', 'man', 'abuse']"
XianJaneway,"['pediatric', 'rooted', 'gah', 'eating', 'ocd', 'disorder', 'kid', 'thank', 'mom', 'im']"
TQR317,"['majority', 'inconsiderate', 'spend', 'mostly', 'caused', 'money', 'rid', 'best', 'times', 'friend', 'never', 'feel', 'like', 'stress', 'people', 'get', 'depression', 'ts']"
jeanietini,"['ignorant', 'moronpres', 'salary', 'turned', 'trump', 'members', 'family', 'take', 'abuse']"
laurathetwitty,"['peep', 'restaurant', 'juggle', 'johnson', 'mexican', 'business', 'meeting', 'gives', 'mark', 'working', 'trying', 'show', 'anxiety', 'ep']"
TheeOSU90s,"['baker', 'game', 'boy', 'commit', 'went', 'want', 'dont', 'suicide']"
lane_rayne,"['cbs', 'stinks', 'navy', 'admiral', 'stearney', 'scott', 'dead', 'news', 'apparent', 'found', 'something', 'suicide', 'us']"
shelly2161,"['michigan', 'limited', 'trick', 'demand', 'ignore', 'worked', 'investig', 'lead', 'deep', 'gene', 'emotional', 'makes', 'right', 'ways', 'need', 'hat', 'used', 'therapy', 'people', 'end', 'child', 'depression', 'ge', 'abuse']"
cicanshe,"['jinja', 'road', 'drainage', 'move', 'along', 'system', 'serious', 'better', 'could', 'enough', 'cant', 'right', 'need', 'stress', 'therapy', 'use']"
gminha5,"['observe', 'justifies', 'nazi', 'twenty', 'postwwii', 'based', 'video', 'actions', 'remember', 'watch', 'years', 'trauma', 'tha']"
alittleleader,"['reached', 'induced', 'procrastination', 'definitely', 'weve', 'wear', 'general', 'student', 'fault', 'law', 'meds', 'adhd', 'point', 'kind', 'youre', 'really', 'stress', 'thing', 'day']"
JimmyCryptoBJ,"['pool', 'blantant', 'lthn', 'scammers', 'moved', 'owner', 'explain', 'innocent', 'anything', 'lol', 'away', 'left', 'play', 'times', 'deal', 'others', 'many', 'thats', 'let', 'want', 'need', 'say', 'know', 'abuse']"
Minenorin,"['supposedly', 'dunno', 'quoting', 'marilyn', 'monroe', 'violent', 'mood', 'theyre', 'sw', 'bipolar']"
colleenkelly739,"['attest', 'chemical', 'imbalances', 'eliminate', 'psychosis', 'clients', 'illnesses', 'wide', 'complex', 'damaging', 'felt', 'result', 'including', 'statement', 'reasons', 'true', 'bit', 'cla', 'addiction', 'need', 'mental', 'depression', 'su']"
ChrisLangton10,"['ceaseless', 'mocking', 'street', 'personally', 'seen', 'youre', 'getting', 'take', 'love', 'people', 'child', 'ive', 'one', 'abuse']"
Orokassu,"['buspirone', 'relaxed', 'finals', 'study', 'working', 'inst', 'week', 'enough', 'actually', 'really', 'anxiety', 'im']"
